1,Marlowe,Matthus,mmarlowe0@state.gov,7579277474,2012-04-27 04:18:49,2012-10-05 09:24:08,0
2,Eykel,Prissie,peykel1@taobao.com,7056765995,2019-05-09 01:50:09,2017-11-11 09:56:31,0
3,Flipsen,Madelle,mflipsen2@msn.com,3395703636,2010-04-10 23:45:06,2016-02-13 10:56:25,0
4,Tann,Chas,ctann3@bandcamp.com,2999012002,2019-04-28 05:25:16,2018-03-30 19:00:26,0
5,Keppie,Eveleen,ekeppie4@weebly.com,6332675283,2012-01-09 23:40:36,2016-06-09 18:43:11,0
6,Moxson,Dwight,dmoxson5@cargocollective.com,3771081079,2012-02-19 21:51:32,2017-12-23 16:59:39,0
7,O'Doohaine,Web,wodoohaine6@jigsy.com,1382858945,2011-10-13 12:32:01,2013-06-27 03:11:24,0
8,Grzegorzewski,Leese,lgrzegorzewski7@github.io,8703849607,2020-10-24 18:34:31,2019-03-30 09:47:19,0
9,Van den Broek,Oralle,ovandenbroek8@icio.us,9346602583,2011-10-01 20:54:46,2013-11-01 10:20:39,0
10,Hinkens,Annecorinne,ahinkens9@multiply.com,1766229096,2017-02-05 20:01:55,2011-11-15 11:37:19,0
11,Gomar,Milly,mgomara@ask.com,4204592320,2011-04-19 06:25:42,2021-02-09 08:17:54,0
12,Ineson,Averil,ainesonb@boston.com,3099058232,2018-01-13 12:01:51,2012-09-11 19:24:21,0
13,Da Costa,Tabatha,tdacostac@geocities.jp,1606044952,2011-04-13 15:06:47,2010-10-01 19:03:22,0
14,Hilldrup,Norry,nhilldrupd@bloglines.com,9848539338,2016-10-11 09:33:14,2014-12-19 10:40:08,0
15,Danis,Kerri,kdanise@youtu.be,7652068883,2012-11-15 02:48:28,2018-04-24 08:44:25,0
16,McGeady,Mattheus,mmcgeadyf@acquirethisname.com,8614572655,2013-03-16 21:49:56,2019-12-06 10:50:14,0
17,Hawsby,Con,chawsbyg@usnews.com,9578979559,2019-01-24 06:45:30,2014-03-03 12:08:58,0
18,Slatter,Claudianus,cslatterh@usgs.gov,2508015578,2011-07-31 22:55:10,2018-05-22 00:32:53,0
19,Colegate,Elyn,ecolegatei@about.me,4327787171,2010-03-08 06:25:19,2012-07-17 01:10:13,0
20,Ades,Obed,oadesj@noaa.gov,4992820233,2020-10-28 05:09:48,2019-12-10 05:02:52,0
21,Heskins,Davine,dheskinsk@mail.ru,4778251405,2014-10-17 07:30:13,2010-06-27 16:30:41,0
22,Harnott,Ag,aharnottl@sina.com.cn,3134974530,2017-12-15 17:28:24,2013-07-24 05:28:43,0
23,Mechem,Sybil,smechemm@twitter.com,9277623568,2011-03-19 00:59:45,2011-06-16 12:38:13,0
24,Zahor,Ellis,ezahorn@imgur.com,9023423049,2012-12-16 07:08:48,2014-01-03 02:59:05,0
25,Feehely,Hank,hfeehelyo@github.com,6106358996,2010-07-03 21:30:58,2014-06-09 15:01:10,0
26,Shipley,Torrence,tshipleyp@google.com.br,4428934207,2016-05-21 02:38:25,2017-02-28 00:45:58,0
27,Whicher,Marten,mwhicherq@unc.edu,9666572701,2019-10-20 12:23:21,2011-10-13 09:57:00,0
28,Gethyn,Christin,cgethynr@state.gov,2045495313,2020-07-22 12:52:41,2014-03-03 18:35:47,0
29,Danielsen,Huntley,hdanielsens@cdbaby.com,1268125902,2020-01-31 01:15:15,2019-01-28 09:12:18,0
30,Ellick,Martie,mellickt@indiatimes.com,8069510998,2017-06-05 15:28:07,2018-03-14 07:48:28,0
31,Luckin,Vivian,vluckinu@paginegialle.it,6074048135,2015-01-11 13:49:19,2021-02-27 05:19:52,0
32,Goulstone,Aili,agoulstonev@foxnews.com,2677973962,2019-07-28 03:50:05,2019-05-03 21:30:27,0
33,Sole,Leanor,lsolew@deviantart.com,8518396933,2015-01-29 17:08:24,2019-09-01 23:17:36,0
34,Ovill,Bryn,bovillx@bbc.co.uk,4693551221,2018-07-14 16:19:57,2014-06-03 14:31:49,0
35,Montague,Doy,dmontaguey@virginia.edu,6171679723,2020-09-10 12:28:31,2017-07-15 12:52:11,0
36,Issatt,Henrieta,hissattz@forbes.com,1727855615,2013-03-04 21:10:46,2018-09-27 18:04:07,0
37,Jailler,Harmonie,hjailler10@drupal.org,5777232901,2012-03-07 11:07:06,2014-06-30 23:26:27,0
38,Raoux,Mariejeanne,mraoux11@usa.gov,9289318760,2019-06-07 17:37:30,2016-04-17 05:00:40,0
39,Oxe,Mirna,moxe12@pagesperso-orange.fr,2636525918,2011-03-17 04:10:35,2015-03-03 05:05:07,0
40,Moscrop,Bertina,bmoscrop13@woothemes.com,7497880099,2015-12-12 22:38:36,2013-03-09 18:52:10,0
41,Walhedd,Nikita,nwalhedd14@europa.eu,5911385985,2015-02-08 07:21:38,2012-05-10 21:20:31,0
42,Beedon,Loralie,lbeedon15@angelfire.com,4303823897,2016-11-20 06:44:48,2010-06-30 02:15:50,0
43,Birtonshaw,Charline,cbirtonshaw16@clickbank.net,1297741149,2014-10-26 05:49:55,2018-05-27 08:35:03,0
44,Sloley,Devora,dsloley17@google.fr,4728060366,2021-01-14 03:01:55,2015-10-30 19:41:10,0
45,Willetts,Bertrando,bwilletts18@1und1.de,7683553458,2015-09-04 03:58:38,2014-02-07 07:23:44,0
46,Raikes,Laurens,lraikes19@pinterest.com,1681915775,2014-07-17 22:48:31,2015-07-23 21:58:44,0
47,Wilfling,Carmen,cwilfling1a@jimdo.com,1695897849,2019-11-06 11:10:41,2016-02-21 09:19:54,0
48,Heaford,Maje,mheaford1b@privacy.gov.au,9642277219,2014-05-13 15:03:41,2021-02-25 15:21:49,0
49,Wards,Engelbert,ewards1c@cargocollective.com,4021013505,2019-12-29 16:54:10,2013-10-28 17:22:35,0
50,Lovstrom,Blakelee,blovstrom1d@hostgator.com,8742865592,2010-11-18 11:13:12,2012-10-19 05:52:44,0
51,Sebrens,Rod,rsebrens1e@china.com.cn,7417695739,2020-08-09 16:52:14,2014-09-19 13:11:25,0
52,Leander,Yvon,yleander1f@twitpic.com,6984226253,2015-06-21 02:28:44,2011-10-08 21:48:31,0
53,Egell,Maurizia,megell1g@ask.com,8265154697,2019-06-04 08:57:26,2020-07-03 01:45:42,0
54,Tinan,Agathe,atinan1h@cyberchimps.com,4492368227,2011-08-11 12:15:27,2014-07-21 18:09:24,0
55,Pengelly,Tristam,tpengelly1i@washington.edu,9955455801,2010-08-13 12:45:51,2019-03-02 16:16:37,0
56,Rigler,Oliy,origler1j@bbc.co.uk,1345537275,2011-02-18 06:56:08,2015-05-20 02:26:51,0
57,Jambrozek,Pepita,pjambrozek1k@360.cn,3185445622,2013-11-14 02:38:37,2020-04-28 05:07:47,0
58,Shieber,Ryon,rshieber1l@wikipedia.org,1644973113,2019-11-28 18:33:09,2015-09-23 01:46:21,0
59,Maith,Giustino,gmaith1m@upenn.edu,2815948357,2014-09-08 13:13:30,2020-09-30 01:43:37,0
60,Staves,Adelbert,astaves1n@shinystat.com,2697486871,2019-06-09 04:02:20,2018-07-29 09:50:53,0
61,Wellstead,Leland,lwellstead1o@friendfeed.com,2229815428,2014-07-15 03:29:44,2020-05-17 04:50:31,0
62,Meakin,Roberta,rmeakin1p@intel.com,2648170414,2012-07-21 09:36:18,2010-10-31 20:15:01,0
63,Podmore,Mohandis,mpodmore1q@hp.com,5342307525,2012-04-14 12:36:38,2011-12-20 13:30:42,0
64,Bortoletti,Kenon,kbortoletti1r@arstechnica.com,1505171817,2015-03-19 17:55:46,2018-04-23 08:01:57,0
65,Bewicke,Bartolemo,bbewicke1s@sbwire.com,9861525730,2011-10-01 17:18:57,2018-05-12 13:13:27,0
66,Grindlay,Josi,jgrindlay1t@cafepress.com,3672970735,2018-04-30 15:22:56,2013-10-28 21:51:21,0
67,Sircomb,Sigmund,ssircomb1u@fc2.com,5082989511,2019-12-22 22:08:14,2012-04-09 04:39:45,0
68,Winn,Lynette,lwinn1v@msu.edu,1792878613,2013-03-03 04:31:20,2013-09-23 08:30:10,0
69,Rivelin,Ludvig,lrivelin1w@cam.ac.uk,8161895322,2019-06-29 03:25:55,2015-07-27 17:46:57,0
70,Bettanay,Rachelle,rbettanay1x@paypal.com,9526245847,2014-10-16 19:49:06,2019-06-19 19:15:21,0
71,Roocroft,Saundra,sroocroft1y@forbes.com,5081887600,2012-12-07 22:46:07,2019-02-28 23:08:19,0
72,Charopen,Rene,rcharopen1z@businesswire.com,4304056310,2012-05-25 09:28:09,2010-08-13 17:55:37,0
73,Vannacci,Fanya,fvannacci20@163.com,8811032431,2016-02-09 15:36:55,2017-04-19 20:29:17,0
74,Terris,Johnnie,jterris21@europa.eu,5105993262,2015-05-13 02:41:21,2015-02-20 21:49:02,0
75,Colleton,Joshuah,jcolleton22@imdb.com,9192090149,2013-07-12 17:39:12,2014-08-04 14:31:38,0
76,Potteril,Hercule,hpotteril23@economist.com,3027692531,2013-04-23 21:12:58,2011-03-20 18:35:07,0
77,Littlechild,Thebault,tlittlechild24@google.co.uk,5582970864,2011-05-14 19:03:22,2011-08-25 09:17:29,0
78,Eggins,Hermann,heggins25@uiuc.edu,9496158651,2012-12-04 17:55:15,2010-04-04 02:29:46,0
79,Harfoot,Merla,mharfoot26@blogs.com,2765102317,2011-09-13 13:00:12,2021-01-18 03:09:51,0
80,Dewey,Ewen,edewey27@ow.ly,6414436537,2014-06-01 16:26:54,2016-06-11 04:46:15,0
81,Dradey,Rorke,rdradey28@sun.com,4483558484,2012-03-04 08:14:51,2015-09-16 01:45:15,0
82,Burnapp,Amie,aburnapp29@xing.com,2684480880,2013-06-16 00:55:44,2015-09-03 19:29:53,0
83,Thynn,Ellsworth,ethynn2a@angelfire.com,4364574052,2020-01-11 17:54:21,2016-05-24 01:01:50,0
84,Hickenbottom,Tamar,thickenbottom2b@blog.com,1871026260,2019-06-21 02:26:29,2012-09-01 14:35:32,0
85,Ayton,Johnnie,jayton2c@businesswire.com,7569878944,2017-09-20 05:29:46,2013-03-16 23:47:12,0
86,Elfitt,Ivett,ielfitt2d@diigo.com,9649236778,2019-11-05 06:48:14,2020-11-12 18:19:21,0
87,Bigham,Annelise,abigham2e@skyrock.com,5578446355,2019-11-05 22:59:13,2016-09-24 15:43:52,0
88,Fetherston,Darya,dfetherston2f@dell.com,4277024666,2020-06-11 08:15:46,2015-11-22 03:22:11,0
89,Alessandretti,Lela,lalessandretti2g@foxnews.com,3975787379,2013-12-31 09:03:44,2021-02-01 16:38:29,0
90,Burchill,Melosa,mburchill2h@wsj.com,9936548138,2016-03-16 20:32:18,2020-04-01 09:54:17,0
91,Tegler,Atlante,ategler2i@wikia.com,6623421069,2011-09-11 18:32:09,2014-02-17 16:00:19,0
92,Bethel,Lora,lbethel2j@theglobeandmail.com,4614637907,2013-03-02 12:20:53,2010-12-15 14:52:14,0
93,Tison,Cyndy,ctison2k@bloglovin.com,1401712917,2020-11-02 16:39:47,2014-06-06 21:45:13,0
94,Felipe,Mariquilla,mfelipe2l@msu.edu,4519037839,2018-02-28 12:51:17,2014-08-06 21:33:42,0
95,Hamsson,Allina,ahamsson2m@ted.com,8925415281,2013-09-03 11:44:27,2016-12-02 08:50:15,0
96,Skule,Gustie,gskule2n@scientificamerican.com,5218231478,2016-02-06 07:31:17,2014-02-11 02:28:53,0
97,Oldford,Regen,roldford2o@bandcamp.com,7944793110,2010-10-23 16:07:19,2013-03-28 04:50:26,0
98,Winslet,Cirillo,cwinslet2p@sina.com.cn,7447364728,2017-04-05 09:25:34,2017-12-29 15:31:44,0
99,Jambrozek,Micheal,mjambrozek2q@ebay.co.uk,4344574568,2020-08-14 02:44:04,2016-08-07 17:19:31,0
100,Iacobo,Kain,kiacobo2r@theglobeandmail.com,1844937576,2015-04-08 01:52:27,2018-10-19 05:32:29,0
101,Gwyther,Roth,rgwyther2s@shop-pro.jp,7327931590,2019-01-04 17:42:18,2017-11-10 02:59:00,0
102,Skoate,Richart,rskoate2t@yellowbook.com,3076159537,2015-10-19 06:01:30,2020-05-06 21:58:17,0
103,Merrisson,Vinny,vmerrisson2u@quantcast.com,3623820041,2015-10-05 04:59:26,2020-11-09 17:44:24,0
104,Grundell,Nye,ngrundell2v@hostgator.com,7363402318,2012-05-17 05:18:02,2013-09-17 19:51:12,0
105,Mathiassen,Phylis,pmathiassen2w@paypal.com,5011365520,2011-07-17 21:10:04,2019-04-21 18:57:05,0
106,Aleksahkin,Kalil,kaleksahkin2x@mashable.com,4472125088,2018-11-24 11:31:16,2020-01-10 21:59:56,0
107,Wyldbore,Chrissy,cwyldbore2y@tripod.com,3651641857,2014-09-10 12:31:17,2012-02-01 16:41:28,0
108,Revill,Husein,hrevill2z@umich.edu,8651900211,2019-10-16 22:41:41,2017-05-14 07:49:56,0
109,Cook,Zarah,zcook30@adobe.com,9066258573,2020-09-10 19:30:58,2015-04-03 17:46:51,0
110,Howitt,Gelya,ghowitt31@wufoo.com,1139156051,2017-07-09 09:08:02,2012-12-27 07:47:57,0
111,Gilardengo,Krista,kgilardengo32@nih.gov,2156899486,2015-06-30 16:59:34,2014-08-09 02:16:27,0
112,Lysons,Mariann,mlysons33@nature.com,7411376590,2018-05-23 20:35:35,2015-06-19 20:48:58,0
113,Clarabut,Kyrstin,kclarabut34@ucoz.ru,5093148927,2013-05-20 03:20:15,2010-04-10 16:06:18,0
114,Tranckle,Alvie,atranckle35@rambler.ru,6832246972,2020-02-18 04:08:09,2014-04-12 14:30:43,0
115,Rudman,Waite,wrudman36@cnbc.com,6559429562,2017-10-07 17:51:44,2015-02-13 09:01:45,0
116,Devin,Oberon,odevin37@bbc.co.uk,5375610485,2019-04-07 20:37:20,2020-01-20 02:46:47,0
117,Mattes,Ignace,imattes38@merriam-webster.com,5173424856,2014-07-28 02:34:59,2010-06-19 20:03:14,0
118,Langstone,Jecho,jlangstone39@google.co.jp,4774900003,2010-10-29 00:57:26,2012-09-18 12:50:27,0
119,Bringloe,Keelia,kbringloe3a@nba.com,3546962927,2011-12-17 18:52:34,2014-01-10 17:14:25,0
120,Standon,Woody,wstandon3b@merriam-webster.com,2735951774,2013-12-26 01:20:14,2018-05-30 02:58:51,0
121,McAvey,Gustavo,gmcavey3c@hhs.gov,2052895921,2016-04-24 09:28:42,2018-09-15 03:53:44,0
122,De Ortega,Blondelle,bdeortega3d@admin.ch,2326873924,2016-01-08 03:21:04,2019-10-01 23:46:19,0
123,Doddemeade,Aubrette,adoddemeade3e@typepad.com,8016691034,2014-05-07 13:27:30,2020-12-16 00:57:04,0
124,Lambertz,Donavon,dlambertz3f@printfriendly.com,7312754127,2017-05-06 11:16:37,2013-11-16 01:53:31,0
125,Lude,Lynnett,llude3g@icq.com,5533329259,2015-07-10 18:34:17,2012-09-01 08:47:21,0
126,Cornau,Miriam,mcornau3h@mapy.cz,9346624100,2018-04-25 14:55:57,2019-01-07 07:47:34,0
127,Szubert,Katherina,kszubert3i@artisteer.com,7185123210,2011-03-29 06:09:31,2020-07-11 07:04:47,0
128,Flear,Rodi,rflear3j@w3.org,5429471928,2018-05-23 04:37:36,2017-09-15 11:06:12,0
129,Costley,Milli,mcostley3k@examiner.com,3462501590,2020-06-04 02:24:53,2010-03-03 14:55:31,0
130,McKnish,Kate,kmcknish3l@51.la,8571522224,2020-02-06 18:17:10,2016-01-16 07:20:02,0
131,Bilbrook,Ted,tbilbrook3m@examiner.com,5865707939,2017-07-12 07:08:47,2015-10-29 20:59:16,0
132,Olensby,Audie,aolensby3n@indiatimes.com,7935644119,2020-12-26 00:22:04,2011-08-09 09:31:22,0
133,Ravelus,Rochelle,rravelus3o@tripadvisor.com,9994703887,2016-10-16 10:02:33,2016-05-29 11:11:27,0
134,Batson,Sissie,sbatson3p@creativecommons.org,8535923031,2014-11-06 02:51:53,2011-11-02 02:04:13,0
135,Dovermann,Maynord,mdovermann3q@dailymail.co.uk,9404459396,2011-02-11 15:09:36,2015-10-31 19:55:05,0
136,Ashborne,Toinette,tashborne3r@elegantthemes.com,9983937598,2011-03-05 15:21:58,2011-02-25 00:37:05,0
137,Roark,Barris,broark3s@macromedia.com,4382081704,2020-11-22 22:06:13,2017-01-22 16:38:28,0
138,Maffey,Johnnie,jmaffey3t@cbslocal.com,4766873247,2010-03-30 09:52:32,2016-10-05 05:19:22,0
139,Mougin,Rowen,rmougin3u@mail.ru,8143445145,2017-09-18 12:49:23,2011-06-14 02:58:48,0
140,Mogie,Lizabeth,lmogie3v@hostgator.com,9866653476,2017-12-10 05:17:40,2014-02-04 02:04:08,0
141,Wankel,Donielle,dwankel3w@infoseek.co.jp,6611441331,2012-12-22 14:48:22,2016-07-29 07:13:22,0
142,Sieb,Modestine,msieb3x@ed.gov,5858687747,2012-06-15 03:44:04,2011-12-21 19:10:27,0
143,Carrigan,Orel,ocarrigan3y@dedecms.com,2809615774,2014-02-21 12:11:09,2011-11-17 18:24:19,0
144,Keyho,Fey,fkeyho3z@latimes.com,3152327417,2014-03-06 16:52:19,2012-08-01 11:52:48,0
145,Britner,Lexine,lbritner40@psu.edu,1323367604,2016-12-09 21:06:34,2011-01-26 16:35:34,0
146,Lymer,Maxie,mlymer41@meetup.com,5223278155,2013-12-29 20:28:18,2020-04-19 16:15:54,0
147,Krug,Anni,akrug42@goo.gl,3975921610,2015-04-30 02:38:47,2019-03-02 04:16:15,0
148,Wiffler,Puff,pwiffler43@sciencedirect.com,8562959293,2020-07-21 00:36:07,2015-07-07 05:32:55,0
149,Iddons,Angeline,aiddons44@reverbnation.com,7033703798,2020-01-21 21:48:23,2016-07-09 19:38:50,0
150,Pittock,Berta,bpittock45@merriam-webster.com,2871997167,2015-02-23 09:16:15,2010-05-08 06:33:26,0
151,Huff,Seamus,shuff46@smh.com.au,9049029509,2018-06-19 00:44:31,2015-12-01 11:21:53,0
152,Trehearn,Kirstin,ktrehearn47@icq.com,4024370464,2015-06-10 00:57:11,2012-12-09 04:39:58,0
153,Jerche,Roxy,rjerche48@hao123.com,6486916089,2020-04-21 07:44:48,2019-01-18 10:58:14,0
154,MacBarron,Kasper,kmacbarron49@163.com,4692300620,2015-04-30 02:41:14,2011-12-24 21:38:39,0
155,Coviello,Quintus,qcoviello4a@a8.net,8603429738,2019-10-19 17:47:50,2012-11-17 03:27:58,0
156,Dorr,Fanchette,fdorr4b@hc360.com,4337597249,2014-03-28 00:25:03,2020-07-27 23:14:21,0
157,Motion,Elisabet,emotion4c@blogtalkradio.com,2855244863,2015-04-04 04:21:06,2018-11-13 13:48:11,0
158,Cotterrill,Stanwood,scotterrill4d@cam.ac.uk,7534086756,2010-07-19 13:38:09,2012-02-04 15:48:06,0
159,Philippson,Towney,tphilippson4e@google.es,3073696092,2011-04-09 06:13:24,2016-08-14 01:50:36,0
160,Gogarty,Janet,jgogarty4f@weibo.com,7054869525,2017-11-07 18:19:32,2011-04-12 06:53:18,0
161,Waylett,Angus,awaylett4g@google.ca,3395044110,2012-03-04 21:52:14,2012-06-04 00:34:38,0
162,Bazley,Blancha,bbazley4h@surveymonkey.com,2931199103,2011-05-07 08:23:01,2011-06-08 09:24:59,0
163,O'Scanlon,Chloris,coscanlon4i@yale.edu,9785648427,2017-11-22 15:18:12,2013-12-11 19:32:08,0
164,Jack,Sterling,sjack4j@desdev.cn,7354080144,2016-03-19 14:46:01,2011-08-05 06:40:38,0
165,Ivermee,Oswald,oivermee4k@usda.gov,6243129258,2010-08-05 06:29:52,2012-05-20 22:20:22,0
166,Uden,Giles,guden4l@posterous.com,3661622636,2012-09-18 13:05:37,2013-03-20 18:22:38,0
167,Crus,Everett,ecrus4m@princeton.edu,9819981720,2016-01-20 05:18:53,2020-09-13 06:53:28,0
168,Castlake,Frans,fcastlake4n@mediafire.com,7625151252,2016-01-27 23:43:21,2010-09-18 14:26:53,0
169,Kiledal,Palm,pkiledal4o@archive.org,3922883405,2013-09-28 01:51:39,2017-09-15 16:48:36,0
170,Comino,Packston,pcomino4p@fotki.com,5006898964,2018-09-13 12:15:19,2011-03-25 19:48:17,0
171,Bomb,Delmore,dbomb4q@theguardian.com,9178123836,2015-06-13 03:51:02,2012-02-25 07:55:07,0
172,Triner,Rozele,rtriner4r@comcast.net,5936520225,2015-01-13 11:37:09,2016-02-26 14:47:00,0
173,Alloisi,Trude,talloisi4s@rediff.com,6974359127,2010-03-08 23:24:43,2015-10-22 06:49:32,0
174,Sevier,Christoph,csevier4t@is.gd,6018812382,2012-03-21 19:23:32,2010-12-16 20:45:28,0
175,Cooling,Lief,lcooling4u@thetimes.co.uk,6606535657,2015-10-08 00:14:45,2020-03-22 19:02:59,0
176,Agdahl,Halette,hagdahl4v@soup.io,1252067275,2013-09-16 17:24:43,2015-09-16 02:20:38,0
177,Pook,Gae,gpook4w@altervista.org,2788598558,2013-07-28 13:24:36,2019-08-27 17:43:35,0
178,Hendron,Sharai,shendron4x@hhs.gov,7912238251,2012-03-17 20:52:10,2011-04-12 20:22:34,0
179,Banasik,Arlene,abanasik4y@ca.gov,5317232340,2011-09-10 15:15:30,2018-07-29 00:16:52,0
180,Pilcher,Geralda,gpilcher4z@spotify.com,2386665012,2012-06-25 00:50:59,2016-07-24 02:18:10,0
181,Purshouse,Vinni,vpurshouse50@aol.com,3891671389,2010-09-20 07:08:01,2014-10-16 20:10:50,0
182,Ainger,Arabela,aainger51@over-blog.com,6468342218,2015-09-09 02:10:11,2013-11-01 02:14:19,0
183,Pauncefort,Gerik,gpauncefort52@wisc.edu,2347380163,2018-07-19 15:48:56,2018-12-08 17:55:20,0
184,Benns,Dyanna,dbenns53@opera.com,6147982640,2019-06-03 21:06:01,2016-03-06 10:29:28,0
185,Newitt,Kara-lynn,knewitt54@sun.com,2374996537,2015-02-02 05:20:08,2011-11-09 02:22:52,0
186,Edmead,Bertram,bedmead55@wp.com,1207065204,2010-12-15 13:12:33,2020-02-28 05:46:18,0
187,Barday,Stu,sbarday56@soup.io,6919058123,2020-11-12 16:24:31,2020-09-13 10:01:07,0
188,Caple,Josephina,jcaple57@delicious.com,6446023755,2018-01-06 09:27:14,2012-05-21 09:52:25,0
189,Rideout,Joeann,jrideout58@sun.com,5756582623,2019-12-08 14:08:57,2015-07-11 14:43:12,0
190,Sulter,Biddy,bsulter59@xing.com,5539863524,2020-01-03 07:53:41,2015-06-12 16:40:56,0
191,Whapples,Riki,rwhapples5a@weibo.com,2991405937,2013-02-05 10:33:35,2013-11-13 00:32:18,0
192,Bernhardt,Nessie,nbernhardt5b@hhs.gov,9489866248,2010-09-09 23:12:57,2013-04-05 09:12:49,0
193,Crecy,Kessia,kcrecy5c@addthis.com,2759722686,2010-04-18 12:21:51,2016-07-20 22:08:39,0
194,Usborn,Alexis,ausborn5d@archive.org,4201566178,2019-10-31 01:10:12,2019-03-17 11:25:17,0
195,Freyn,Albert,afreyn5e@psu.edu,7778651286,2015-04-11 03:50:52,2016-11-01 23:27:21,0
196,Dunsford,Antonella,adunsford5f@gnu.org,4491505643,2017-03-19 18:31:07,2011-07-17 21:19:05,0
197,Carabet,Tierney,tcarabet5g@deviantart.com,7205149035,2010-10-11 15:43:02,2018-01-19 17:42:55,0
198,Coneybeare,Doreen,dconeybeare5h@dot.gov,2226569765,2015-08-15 10:36:49,2015-12-31 22:59:50,0
199,Tear,Consuelo,ctear5i@google.cn,8764077077,2015-12-12 06:39:44,2019-04-08 18:14:13,0
200,Abbey,Lindsey,labbey5j@symantec.com,9646873630,2012-10-27 21:21:09,2010-11-29 08:19:00,0
201,Pennings,Julee,jpennings5k@pinterest.com,5278196854,2013-10-11 07:50:37,2016-08-03 01:03:03,0
202,Corbett,Armin,acorbett5l@xinhuanet.com,1341730037,2012-01-13 04:50:26,2020-10-31 12:51:28,0
203,Sneddon,Ardis,asneddon5m@acquirethisname.com,5482684481,2014-07-27 15:57:27,2015-04-19 16:55:00,0
204,Marcam,Uri,umarcam5n@free.fr,3497898237,2019-12-01 19:07:00,2016-02-28 21:27:49,0
205,Bertomeu,Madalena,mbertomeu5o@nhs.uk,6876017360,2012-01-18 10:29:45,2016-05-13 16:20:30,0
206,Sheaf,Madonna,msheaf5p@typepad.com,5633075033,2015-06-29 10:57:06,2018-08-15 11:26:08,0
207,Hazelden,Charil,chazelden5q@webeden.co.uk,9943791014,2019-09-04 22:24:25,2011-03-02 13:10:01,0
208,Coveny,Elinor,ecoveny5r@flickr.com,2378414583,2014-10-22 16:05:52,2014-09-04 17:56:39,0
209,Muckart,Berta,bmuckart5s@washington.edu,6821678159,2011-11-26 15:49:27,2014-10-07 20:49:12,0
210,Bernhard,Maurise,mbernhard5t@privacy.gov.au,5634316334,2013-08-25 10:15:08,2016-08-24 11:46:59,0
211,Wallen,Celine,cwallen5u@comsenz.com,9298179291,2012-01-11 18:36:52,2011-01-18 06:32:34,0
212,Bacon,Ellie,ebacon5v@odnoklassniki.ru,2076516104,2013-10-20 09:21:18,2012-08-23 17:00:40,0
213,Exall,Marina,mexall5w@washington.edu,3795687514,2013-08-11 20:23:27,2014-11-29 07:30:25,0
214,Glackin,Rikki,rglackin5x@acquirethisname.com,2871526992,2016-02-25 17:18:28,2018-02-14 20:59:38,0
215,Burrow,Quent,qburrow5y@apple.com,9047570916,2019-03-18 21:16:33,2018-07-19 23:55:04,0
216,Prozescky,Lusa,lprozescky5z@va.gov,5163624144,2019-06-26 14:06:09,2018-03-10 02:14:36,0
217,Hymas,Maxwell,mhymas60@mtv.com,2628782094,2010-05-10 08:45:12,2015-10-11 03:23:23,0
218,Wiggam,Duncan,dwiggam61@typepad.com,8538032361,2012-08-01 02:36:29,2013-09-22 23:11:15,0
219,Fogden,Alan,afogden62@hhs.gov,7089363420,2019-12-20 14:08:17,2018-12-15 19:54:51,0
220,Dymott,Maggee,mdymott63@engadget.com,6219926826,2018-05-22 18:14:24,2019-10-11 01:40:43,0
221,Balkwill,Innis,ibalkwill64@usgs.gov,4747759762,2013-04-14 18:04:16,2012-01-21 06:34:22,0
222,Privett,Vail,vprivett65@auda.org.au,3658116257,2013-01-22 01:27:34,2014-06-12 16:58:10,0
223,Muff,Benedicto,bmuff66@google.fr,2048939322,2013-02-15 07:18:07,2016-07-03 01:01:05,0
224,Jordeson,Pryce,pjordeson67@tinyurl.com,6175656521,2011-08-24 06:58:51,2018-12-28 14:13:56,0
225,Banes,Sella,sbanes68@usnews.com,3838185627,2019-10-10 01:23:26,2013-01-23 20:23:00,0
226,Wisby,Lyndsay,lwisby69@hhs.gov,1927933083,2010-05-11 15:47:52,2017-01-02 07:29:11,0
227,Nears,Sindee,snears6a@webs.com,8148964455,2012-10-23 08:32:25,2011-10-20 10:20:28,0
228,Braikenridge,Billye,bbraikenridge6b@t.co,6864608439,2017-10-20 07:41:33,2018-08-13 08:29:24,0
229,Gheorghe,Armin,agheorghe6c@networksolutions.com,4256600188,2014-06-09 04:25:52,2014-11-26 00:54:36,0
230,Lotte,Giselbert,glotte6d@utexas.edu,7227241145,2010-03-06 00:39:27,2012-06-24 09:14:13,0
231,Du Barry,Noell,ndubarry6e@facebook.com,1795878152,2020-05-24 16:17:53,2017-09-23 20:42:48,0
232,MacQueen,Zebedee,zmacqueen6f@noaa.gov,7006798544,2013-10-05 20:48:40,2012-02-21 17:36:47,0
233,McHarry,Etti,emcharry6g@domainmarket.com,5483079921,2015-01-17 03:16:43,2019-06-04 17:16:23,0
234,Fonzone,Clerkclaude,cfonzone6h@printfriendly.com,9883102588,2011-08-23 04:11:45,2010-10-04 15:59:25,0
235,Cases,Darline,dcases6i@arizona.edu,8858425473,2020-11-27 17:57:02,2018-04-12 02:17:04,0
236,Benedicto,Georg,gbenedicto6j@dell.com,8614065515,2014-09-21 07:55:37,2012-06-14 01:59:49,0
237,Domleo,Sheree,sdomleo6k@gmpg.org,8337284286,2011-05-03 22:43:44,2015-10-08 20:32:47,0
238,Ponsford,Gerrie,gponsford6l@npr.org,4166203263,2013-03-25 19:34:19,2015-01-09 07:47:19,0
239,Hounsham,Liuka,lhounsham6m@census.gov,8898784080,2015-10-15 03:36:28,2019-01-31 18:47:18,0
240,Caskey,Isa,icaskey6n@hostgator.com,5617178255,2014-05-19 08:09:01,2020-02-13 14:34:36,0
241,Silversmid,Teodoro,tsilversmid6o@artisteer.com,9981013614,2015-09-13 15:06:16,2019-05-20 00:10:56,0
242,Malek,Glenna,gmalek6p@so-net.ne.jp,2094368639,2018-05-29 21:10:52,2018-06-27 00:45:20,0
243,Vannikov,Kathie,kvannikov6q@simplemachines.org,1483603279,2010-07-09 06:51:07,2011-10-19 10:12:01,0
244,Mott,Morrie,mmott6r@nba.com,8468457917,2018-11-05 22:54:53,2011-07-25 09:01:33,0
245,Pratten,Jobey,jpratten6s@smugmug.com,8297014738,2017-03-10 21:12:09,2015-08-14 06:40:51,0
246,Wettern,Meade,mwettern6t@army.mil,7141370833,2017-02-07 12:19:03,2016-12-05 11:59:15,0
247,Solomon,Bran,bsolomon6u@google.cn,3998166482,2015-07-08 03:56:08,2020-02-20 20:09:31,0
248,Golde,Minetta,mgolde6v@weibo.com,7304823562,2019-12-10 18:01:47,2011-10-21 06:47:15,0
249,Longfoot,Boothe,blongfoot6w@cam.ac.uk,8417172092,2019-05-07 04:47:56,2020-11-21 02:52:39,0
250,Antunes,Aubrey,aantunes6x@auda.org.au,1161939307,2013-02-01 09:10:38,2017-07-20 11:00:06,0
251,Thyer,Nissa,nthyer6y@skype.com,3083650343,2020-12-16 14:39:40,2020-02-21 14:38:52,0
252,Sines,Edith,esines6z@msu.edu,4963294541,2016-12-24 23:27:18,2015-10-01 16:26:38,0
253,Vella,Kare,kvella70@goodreads.com,8533918421,2019-04-03 22:58:05,2020-12-21 17:06:24,0
254,Carstairs,Micky,mcarstairs71@upenn.edu,4631943135,2020-12-08 17:54:41,2016-11-11 10:54:54,0
255,Cleyburn,Fanchette,fcleyburn72@qq.com,1177500252,2012-07-11 18:56:39,2020-10-04 20:13:27,0
256,Bussy,Karee,kbussy73@g.co,4231377794,2020-12-30 08:11:00,2019-07-12 01:13:49,0
257,Fulkes,Yasmin,yfulkes74@topsy.com,9418118588,2015-08-14 15:55:58,2011-04-30 17:08:21,0
258,Sopp,Sylas,ssopp75@homestead.com,6118159492,2019-05-31 01:47:37,2018-07-27 08:53:26,0
259,Goaks,Nikolaos,ngoaks76@sciencedirect.com,8084602835,2015-04-05 01:53:44,2019-12-15 05:13:53,0
260,Verrico,Melisa,mverrico77@amazon.de,9024770098,2013-06-16 15:36:19,2015-01-09 03:15:52,0
261,Bavister,Bard,bbavister78@vistaprint.com,5013700574,2018-03-28 17:55:43,2018-03-11 11:19:39,0
262,Pile,Robinet,rpile79@purevolume.com,6307951836,2010-11-11 04:36:56,2019-08-22 01:02:41,0
263,Dellenbroker,Alejoa,adellenbroker7a@issuu.com,6462302775,2017-10-15 03:42:24,2018-08-20 19:21:37,0
264,Fozzard,Marcile,mfozzard7b@un.org,8228692449,2013-12-30 08:49:57,2014-12-16 03:09:07,0
265,Moutray Read,Suzanna,smoutrayread7c@nymag.com,9132564513,2011-04-10 15:04:06,2020-02-12 16:05:56,0
266,Rump,Daffy,drump7d@moonfruit.com,5036106805,2015-11-19 04:25:12,2013-01-22 20:26:57,0
267,Bard,Dasha,dbard7e@printfriendly.com,3603965627,2012-02-12 01:18:03,2013-07-27 10:41:06,0
268,Kerridge,Lorenzo,lkerridge7f@nps.gov,3151644100,2018-10-26 15:57:44,2018-12-06 19:35:02,0
269,Gapper,Dido,dgapper7g@drupal.org,2558179141,2018-11-01 12:43:07,2015-11-09 12:02:58,0
270,Joubert,Florentia,fjoubert7h@tamu.edu,4693246698,2010-07-15 17:32:32,2020-06-03 08:27:06,0
271,Liddon,Guntar,gliddon7i@princeton.edu,4874151860,2012-02-03 14:37:32,2016-11-06 02:54:01,0
272,Stolworthy,Barton,bstolworthy7j@gizmodo.com,3918227002,2012-11-07 17:09:05,2010-07-02 19:47:59,0
273,Sergant,Jazmin,jsergant7k@dot.gov,7754191819,2015-07-01 09:03:56,2019-06-28 03:50:39,0
274,Gritsunov,Tatum,tgritsunov7l@geocities.com,5885196123,2014-08-05 02:11:35,2017-02-08 18:23:11,0
275,Bloss,Byron,bbloss7m@dedecms.com,8419385910,2010-06-19 04:47:56,2017-06-11 16:55:09,0
276,Cottu,Lyndell,lcottu7n@ed.gov,1061502801,2020-03-30 14:12:51,2011-04-09 13:20:48,0
277,Bhar,Casie,cbhar7o@techcrunch.com,2198592054,2013-06-01 16:49:49,2013-09-17 07:56:53,0
278,Cawthera,Arlana,acawthera7p@phoca.cz,8624540312,2018-06-06 03:34:44,2020-11-23 11:14:54,0
279,Ryland,Delbert,dryland7q@latimes.com,6038632424,2013-11-03 13:46:13,2016-07-20 01:50:32,0
280,Foucar,Ray,rfoucar7r@livejournal.com,7616826300,2012-09-01 11:56:24,2014-01-11 20:24:21,0
281,Geal,Dolly,dgeal7s@howstuffworks.com,2027076609,2018-08-12 04:18:09,2019-04-10 00:37:25,0
282,Roux,Menard,mroux7t@spiegel.de,5893867337,2015-11-29 01:11:57,2017-01-23 05:18:20,0
283,Gowanlock,Winny,wgowanlock7u@wsj.com,4578975235,2018-11-12 17:27:28,2018-04-07 13:21:27,0
284,McGurk,Mac,mmcgurk7v@newyorker.com,9455752128,2017-07-02 04:34:34,2018-09-29 08:40:25,0
285,Linnitt,Elianore,elinnitt7w@time.com,2373807218,2012-02-24 18:59:59,2011-12-16 07:34:24,0
286,Bricket,Jeanna,jbricket7x@youtube.com,1576790425,2016-05-22 00:25:16,2017-05-29 09:09:30,0
287,Eastope,Brantley,beastope7y@istockphoto.com,7841227718,2010-05-05 00:29:16,2018-01-12 02:13:06,0
288,Pisco,Benedikt,bpisco7z@wikimedia.org,9928919324,2019-10-28 00:10:34,2013-12-30 15:30:08,0
289,Baldick,Antone,abaldick80@skyrock.com,8522442919,2014-03-02 23:08:48,2010-05-31 04:09:12,0
290,Royson,Samantha,sroyson81@liveinternet.ru,6897166509,2017-04-07 01:47:58,2018-11-09 03:49:42,0
291,Skittreal,Giana,gskittreal82@ca.gov,7032976961,2020-09-05 14:23:43,2011-02-22 06:52:29,0
292,Kingzeth,Addison,akingzeth83@eepurl.com,2339901046,2015-12-21 20:58:19,2018-09-28 20:06:43,0
293,Swayne,Melanie,mswayne84@epa.gov,2761912745,2021-01-31 10:35:19,2014-04-04 06:36:23,0
294,Sainsbury,Leslie,lsainsbury85@paginegialle.it,9436678134,2013-06-28 18:27:15,2019-10-30 16:09:10,0
295,Curson,Hirsch,hcurson86@gmpg.org,3013708580,2015-10-08 15:05:24,2020-06-18 15:08:42,0
296,Guidini,Elka,eguidini87@opensource.org,5673548426,2020-02-26 02:06:31,2019-08-09 02:12:31,0
297,Boorman,Somerset,sboorman88@nationalgeographic.com,5738479795,2013-10-21 06:16:28,2019-01-28 05:15:32,0
298,Mahoney,Georges,gmahoney89@accuweather.com,6914291384,2012-01-13 01:07:48,2015-09-09 11:30:44,0
299,Hagan,Dorena,dhagan8a@ft.com,7709227618,2016-09-18 16:44:51,2016-06-05 21:07:11,0
300,Gland,Martelle,mgland8b@harvard.edu,6769202032,2012-06-18 15:36:27,2020-01-13 02:32:38,0
301,Forestel,Alayne,aforestel8c@meetup.com,4993035941,2010-11-29 17:30:05,2010-05-25 14:16:00,0
302,Byng,Benedicto,bbyng8d@so-net.ne.jp,1644099497,2017-11-05 23:24:26,2010-11-25 01:24:05,0
303,Fancutt,Ronda,rfancutt8e@fastcompany.com,6013139427,2020-06-08 05:21:39,2013-06-25 17:21:49,0
304,Pocklington,Storm,spocklington8f@devhub.com,3746105249,2016-07-06 10:05:43,2019-05-27 19:50:15,0
305,Livard,Denny,dlivard8g@china.com.cn,6121110080,2012-10-18 01:19:20,2020-07-05 15:09:05,0
306,Deviney,Royal,rdeviney8h@sciencedirect.com,6277032614,2011-09-30 14:02:20,2019-05-29 23:07:46,0
307,Thomazin,Meredith,mthomazin8i@guardian.co.uk,7498871847,2019-12-27 05:56:46,2019-04-14 05:28:47,0
308,Gleeton,Sebastien,sgleeton8j@wsj.com,1627611072,2010-04-19 14:46:06,2014-10-12 22:17:49,0
309,Jablonski,Bob,bjablonski8k@elegantthemes.com,1616754999,2014-11-07 07:05:19,2011-01-27 06:45:51,0
310,Leuren,Marlene,mleuren8l@indiegogo.com,3922380166,2015-12-28 01:45:07,2017-09-28 05:48:43,0
311,Leipnik,Pasquale,pleipnik8m@hibu.com,1183199786,2010-08-25 11:21:51,2016-08-08 10:49:00,0
312,Cosby,Casey,ccosby8n@yelp.com,8509042507,2015-05-03 18:52:11,2011-04-10 23:05:53,0
313,Wyleman,Tonnie,twyleman8o@123-reg.co.uk,9728122535,2018-09-03 12:02:06,2012-06-20 16:12:26,0
314,Wethered,Dena,dwethered8p@netvibes.com,7737473083,2010-08-05 13:40:00,2011-07-06 11:59:13,0
315,Brownjohn,Imojean,ibrownjohn8q@slideshare.net,2897973356,2010-04-04 08:03:11,2018-12-27 02:00:05,0
316,Chessell,Gracie,gchessell8r@elegantthemes.com,5635298440,2011-03-06 03:11:12,2011-07-15 22:41:16,0
317,Domb,Koressa,kdomb8s@cisco.com,5051687984,2019-12-10 23:14:55,2020-04-22 03:22:15,0
318,Maylor,Traci,tmaylor8t@ed.gov,6506540516,2015-09-20 00:30:49,2013-06-26 19:39:57,0
319,Pinke,Sasha,spinke8u@chron.com,1996336251,2020-11-16 17:15:58,2016-09-13 18:28:05,0
320,Eddis,Roi,reddis8v@walmart.com,5812092343,2011-08-18 19:02:08,2013-11-03 10:11:32,0
321,Lewsy,Cole,clewsy8w@cdbaby.com,5442723050,2012-08-25 17:33:11,2011-04-29 12:38:21,0
322,Quartermain,Elena,equartermain8x@springer.com,9022885330,2010-05-18 13:24:15,2019-06-19 04:45:14,0
323,Breakwell,Lorena,lbreakwell8y@purevolume.com,7029019916,2017-01-11 23:22:58,2017-09-01 17:02:24,0
324,Kershaw,Heidie,hkershaw8z@huffingtonpost.com,7564257815,2012-11-25 10:41:29,2011-09-07 14:12:26,0
325,Weedall,Fabe,fweedall90@wordpress.org,1991067196,2013-01-14 16:50:47,2011-12-01 05:05:47,0
326,Peele,Jenilee,jpeele91@eepurl.com,4208976449,2016-10-12 00:15:00,2017-05-02 08:12:37,0
327,Cunningham,Ware,wcunningham92@rediff.com,4651793330,2016-03-23 08:09:18,2010-11-30 05:43:57,0
328,Hancorn,Eb,ehancorn93@gnu.org,5549066283,2020-07-29 08:42:03,2012-09-23 09:00:11,0
329,Bury,Klarika,kbury94@ask.com,7286007119,2020-06-14 23:52:53,2019-10-21 15:10:35,0
330,Morfell,Hillary,hmorfell95@lycos.com,5102126359,2017-10-27 14:25:29,2016-02-19 17:20:26,0
331,Boland,Glenden,gboland96@go.com,3324638152,2013-03-12 19:28:46,2018-08-08 00:54:57,0
332,Merrison,Celestina,cmerrison97@amazon.de,9464154126,2011-02-06 06:42:49,2012-02-10 14:36:17,0
333,Dedam,Ari,adedam98@pen.io,7939243358,2010-08-09 19:47:30,2017-11-22 14:58:45,0
334,Gorick,Anetta,agorick99@paypal.com,7239679225,2013-02-27 23:28:55,2013-08-26 08:48:39,0
335,Burrow,Emma,eburrow9a@yandex.ru,5651363893,2014-01-23 22:05:11,2019-12-11 22:06:10,0
336,Schall,Sybilla,sschall9b@examiner.com,5486177478,2019-12-30 01:01:20,2019-09-28 06:04:32,0
337,Ivanusyev,Stewart,sivanusyev9c@abc.net.au,7965266826,2016-10-13 14:49:28,2014-12-18 16:49:38,0
338,Clingan,Lexie,lclingan9d@mtv.com,3548178293,2020-06-13 15:04:24,2017-09-27 01:41:33,0
339,Muxworthy,Martino,mmuxworthy9e@techcrunch.com,1358549090,2016-01-24 21:13:04,2015-04-15 22:51:40,0
340,Pitkins,Bruno,bpitkins9f@pen.io,4979471674,2014-11-02 04:14:31,2017-05-09 05:15:36,0
341,Gjerde,Keslie,kgjerde9g@macromedia.com,4551602779,2016-06-09 23:43:53,2015-08-27 00:54:52,0
342,Muat,Salvador,smuat9h@tripod.com,6074297240,2019-02-04 11:32:40,2013-06-15 05:44:56,0
343,Messiter,Issie,imessiter9i@skype.com,1727779396,2011-12-09 22:20:54,2011-07-25 13:31:52,0
344,Delves,Viole,vdelves9j@hud.gov,3238398502,2013-05-13 21:37:16,2018-12-22 04:28:52,0
345,Martinyuk,Jeramie,jmartinyuk9k@marketwatch.com,4056314321,2011-10-31 13:21:22,2018-06-29 05:23:51,0
346,Bartusek,Pip,pbartusek9l@bandcamp.com,8748795394,2014-03-05 02:36:32,2018-07-20 08:48:16,0
347,Georgiev,Howie,hgeorgiev9m@studiopress.com,1871485642,2017-09-25 12:22:19,2016-05-30 21:15:19,0
348,Gartenfeld,Corrianne,cgartenfeld9n@mapquest.com,9665928090,2020-04-27 10:58:51,2015-07-28 16:49:44,0
349,M'Chirrie,Cornelia,cmchirrie9o@pen.io,2322973865,2012-09-09 22:34:03,2018-07-03 22:13:07,0
350,Raynham,Laird,lraynham9p@baidu.com,3141937457,2015-07-22 02:35:56,2018-06-05 12:09:50,0
351,Naire,Zack,znaire9q@yellowpages.com,2558757393,2014-12-11 20:43:15,2011-12-03 06:31:58,0
352,Henrichsen,Regan,rhenrichsen9r@bing.com,5638311701,2018-02-15 13:12:55,2019-02-23 08:11:48,0
353,Spurdens,Caryn,cspurdens9s@independent.co.uk,1584711797,2019-03-03 18:19:01,2013-01-14 20:27:45,0
354,Madoc-Jones,Shari,smadocjones9t@state.tx.us,2237850031,2016-01-17 18:51:23,2016-06-04 15:52:01,0
355,Earengey,Sibyl,searengey9u@ftc.gov,5199088012,2015-06-23 19:16:49,2013-07-10 21:34:23,0
356,Pomfret,Devlin,dpomfret9v@netscape.com,1833785064,2011-10-14 20:43:21,2015-06-06 00:09:15,0
357,Rodolf,Maryl,mrodolf9w@chron.com,5573019466,2012-11-25 08:43:21,2010-03-27 16:57:13,0
358,Crankshaw,Neville,ncrankshaw9x@samsung.com,4076762466,2015-12-11 00:28:31,2018-10-12 02:25:27,0
359,Spivie,Dale,dspivie9y@youku.com,9548800543,2019-11-25 19:38:14,2019-06-15 08:54:01,0
360,Sokale,Jeremiah,jsokale9z@reverbnation.com,5968285473,2020-02-11 10:14:43,2017-11-01 14:51:22,0
361,Oxe,Tierney,toxea0@wisc.edu,9643854633,2014-02-07 18:57:56,2018-09-08 01:10:01,0
362,McCrory,Fredric,fmccrorya1@cbsnews.com,5944451597,2017-01-09 19:26:38,2014-08-04 12:48:02,0
363,Falconer-Taylor,Alida,afalconertaylora2@paypal.com,5171480315,2016-05-02 13:38:02,2017-12-09 15:20:03,0
364,Siely,Arielle,asielya3@toplist.cz,7621594891,2018-05-13 02:55:47,2017-08-27 20:23:10,0
365,Le land,Stormi,slelanda4@samsung.com,5079343263,2020-08-21 14:01:40,2016-11-03 18:18:12,0
366,McAlister,Audrye,amcalistera5@shareasale.com,9259318867,2018-04-15 00:54:59,2013-05-12 11:46:11,0
367,Walding,Sabrina,swaldinga6@yahoo.co.jp,9426770780,2011-09-03 19:55:50,2016-05-14 00:30:04,0
368,Matchell,Jehu,jmatchella7@blogger.com,2779576448,2011-11-15 02:05:35,2017-04-02 19:14:52,0
369,Reeves,Lynette,lreevesa8@npr.org,1911507871,2020-12-21 12:08:58,2020-06-08 04:16:57,0
370,Waberer,Wiley,wwaberera9@feedburner.com,3069014971,2015-02-23 05:57:10,2017-12-15 13:24:24,0
371,Gianilli,Maximilian,mgianilliaa@altervista.org,8391568986,2018-05-23 22:48:07,2015-12-04 21:26:18,0
372,Bagby,Ky,kbagbyab@forbes.com,8104176533,2019-10-30 00:08:01,2012-07-12 21:18:09,0
373,Bucknall,Ketti,kbucknallac@fastcompany.com,4647603443,2020-06-15 09:10:59,2011-07-26 04:14:52,0
374,Stow,Payton,pstowad@fastcompany.com,7644204238,2010-04-20 17:19:30,2014-11-08 10:14:01,0
375,Cowcha,Amie,acowchaae@instagram.com,7322563381,2011-11-09 06:25:55,2020-09-07 05:06:20,0
376,Symper,Kirby,ksymperaf@shop-pro.jp,7631735948,2019-06-12 07:32:37,2016-05-20 06:50:37,0
377,Bartusek,Gordy,gbartusekag@yahoo.com,9805989510,2011-12-19 13:42:50,2010-04-15 20:32:20,0
378,McElree,Michale,mmcelreeah@sourceforge.net,3157612510,2014-12-13 18:28:26,2018-08-24 14:42:54,0
379,Havoc,Elbertina,ehavocai@baidu.com,2511488089,2017-08-28 02:35:47,2010-11-21 08:24:39,0
380,Vaune,Toddy,tvauneaj@goodreads.com,9066370108,2020-01-06 22:39:31,2010-06-24 03:33:19,0
381,Sandbatch,Morgan,msandbatchak@hud.gov,6091408585,2018-10-13 23:01:16,2014-11-28 06:22:38,0
382,Chaff,Nolana,nchaffal@infoseek.co.jp,7356898023,2010-12-02 17:47:51,2011-07-22 13:08:22,0
383,Bucklee,Julienne,jbuckleeam@youku.com,6886887122,2014-06-17 13:37:43,2014-08-12 18:10:49,0
384,Jemison,Corene,cjemisonan@elegantthemes.com,7484426926,2019-10-18 16:20:06,2011-04-23 01:48:24,0
385,Heady,Marybelle,mheadyao@xing.com,4305040373,2011-08-23 07:37:18,2011-01-09 03:39:10,0
386,Thurlby,Puff,pthurlbyap@histats.com,3812613327,2018-02-24 14:47:37,2017-04-06 10:32:39,0
387,MacCostigan,Philis,pmaccostiganaq@yelp.com,5631546528,2020-06-01 10:41:35,2017-03-30 19:14:04,0
388,McGerr,Sherlocke,smcgerrar@jigsy.com,7205469810,2015-01-16 13:12:23,2021-02-28 15:35:10,0
389,Waud,Alwin,awaudas@nsw.gov.au,5644117339,2011-11-01 22:42:39,2014-07-29 20:07:48,0
390,Gailor,Corey,cgailorat@odnoklassniki.ru,8472093475,2014-08-22 14:24:04,2011-08-07 19:07:59,0
391,Palphreyman,Lona,lpalphreymanau@prlog.org,3043926686,2012-03-11 16:53:13,2010-11-21 10:15:45,0
392,Uttridge,Philly,puttridgeav@wiley.com,9678292280,2017-07-16 04:16:02,2011-03-27 02:21:13,0
393,Drewry,Roch,rdrewryaw@sohu.com,4583628239,2011-03-29 08:43:07,2020-09-26 04:57:44,0
394,Icke,Elyssa,eickeax@themeforest.net,1532379657,2014-08-08 20:45:55,2018-07-17 05:15:11,0
395,Izakof,Hyatt,hizakofay@chicagotribune.com,5593301164,2019-01-27 15:44:43,2016-06-27 05:47:12,0
396,Grievson,Armand,agrievsonaz@mit.edu,5917902456,2014-09-30 00:40:23,2018-05-26 13:49:26,0
397,Moyer,Corly,cmoyerb0@amazon.de,2931145472,2018-08-15 03:31:21,2017-11-23 07:14:41,0
398,Townson,Saul,stownsonb1@freewebs.com,8222454298,2014-12-22 03:29:34,2013-06-04 07:50:21,0
399,Peterkin,Skipper,speterkinb2@gov.uk,4941539115,2013-05-13 16:22:27,2017-01-16 22:10:34,0
400,Peniman,Phil,ppenimanb3@360.cn,5162943558,2015-12-25 06:51:07,2014-04-12 07:01:56,0
401,Leppo,Joice,jleppob4@independent.co.uk,2685248749,2018-11-25 06:34:06,2014-08-02 12:47:08,0
402,Testo,Nessi,ntestob5@cnn.com,4908812349,2019-08-18 17:31:48,2011-10-01 19:59:58,0
403,Given,Keelby,kgivenb6@gov.uk,1185601226,2019-10-27 14:05:18,2020-06-03 19:26:26,0
404,Colnet,Ayn,acolnetb7@wisc.edu,5009209013,2019-10-15 11:52:55,2018-05-20 13:38:35,0
405,Normanell,Pansy,pnormanellb8@google.com.hk,1178587372,2011-06-06 20:52:33,2014-03-11 22:04:11,0
406,Akram,Klement,kakramb9@feedburner.com,9227446114,2020-09-08 13:58:27,2019-11-13 00:29:25,0
407,Danko,Paulita,pdankoba@skype.com,6568495983,2019-12-17 00:56:53,2018-07-20 01:50:51,0
408,Perryman,Adey,aperrymanbb@marketwatch.com,9183965271,2012-12-17 07:38:50,2012-02-03 20:20:11,0
409,De Mattei,Hyacintha,hdematteibc@newsvine.com,3132325170,2018-08-30 20:55:53,2019-12-02 12:36:24,0
410,Checkley,Dietrich,dcheckleybd@digg.com,9311564825,2020-08-03 19:44:49,2014-02-20 20:00:10,0
411,Penhalurick,Yves,ypenhalurickbe@shutterfly.com,7925144943,2017-08-22 12:30:28,2010-06-13 00:22:10,0
412,Spaight,Sherwin,sspaightbf@va.gov,1324734305,2012-12-03 00:57:26,2017-11-05 05:00:46,0
413,Bellis,Jessamine,jbellisbg@guardian.co.uk,8106519389,2011-02-07 06:47:52,2017-01-13 13:30:33,0
414,Hasard,Randell,rhasardbh@naver.com,5592277735,2019-05-06 17:49:02,2010-11-23 20:26:21,0
415,Busswell,Bevvy,bbusswellbi@elegantthemes.com,6788339039,2011-04-29 17:55:35,2015-12-05 01:32:50,0
416,Gallahar,Darelle,dgallaharbj@ameblo.jp,8121548607,2010-05-14 19:36:01,2020-01-14 10:16:52,0
417,Rens,Kort,krensbk@dyndns.org,1924464624,2020-11-15 20:02:12,2017-04-08 17:22:39,0
418,Jefferd,Theodosia,tjefferdbl@github.com,3844680609,2012-02-25 00:17:19,2011-05-12 06:47:39,0
419,Loweth,Laney,llowethbm@free.fr,6554525329,2020-09-06 21:00:16,2015-09-08 13:52:45,0
420,Holbury,Dolli,dholburybn@seattletimes.com,4324210137,2017-06-26 03:13:44,2015-07-13 02:21:26,0
421,Duncanson,Goran,gduncansonbo@engadget.com,2204313739,2015-04-17 16:48:10,2016-10-05 02:05:39,0
422,Tuhy,Elijah,etuhybp@senate.gov,2164078340,2015-08-10 18:37:19,2020-01-04 08:12:35,0
423,Denmead,Sauveur,sdenmeadbq@toplist.cz,8777737010,2019-10-03 21:31:28,2020-02-11 22:34:11,0
424,Georg,Viviana,vgeorgbr@dot.gov,3286746988,2011-10-08 07:12:24,2012-02-12 09:27:48,0
425,Ilsley,Leta,lilsleybs@biblegateway.com,4602176932,2013-02-17 17:39:08,2012-11-29 10:28:56,0
426,Venturoli,Cybill,cventurolibt@mayoclinic.com,6565930661,2020-04-01 03:06:45,2011-12-12 01:45:04,0
427,Jacobowitz,Griz,gjacobowitzbu@wsj.com,7295115120,2015-04-04 14:58:59,2020-01-14 15:54:49,0
428,Brunicke,Allan,abrunickebv@facebook.com,9447427030,2010-03-03 00:14:18,2010-11-27 22:50:40,0
429,Feek,Georgia,gfeekbw@multiply.com,6123539669,2015-10-01 21:26:38,2014-04-27 21:55:50,0
430,Coite,Jourdan,jcoitebx@kickstarter.com,6204774100,2015-07-20 16:26:21,2017-11-19 04:42:46,0
431,Voak,Janaye,jvoakby@answers.com,2529512794,2013-11-04 20:48:26,2012-06-21 06:05:15,0
432,Heggison,Garwood,gheggisonbz@about.me,1504324065,2018-01-19 18:12:11,2019-11-29 17:32:43,0
433,Laugheran,Lira,llaugheranc0@marriott.com,4252437970,2016-07-24 02:53:47,2014-04-27 13:53:01,0
434,Wennington,Beauregard,bwenningtonc1@statcounter.com,1961863190,2017-02-26 17:06:25,2012-10-19 17:14:04,0
435,Load,Fanechka,floadc2@techcrunch.com,6705785022,2011-10-30 07:24:05,2014-01-09 16:21:12,0
436,Krabbe,Milli,mkrabbec3@netscape.com,6538369169,2012-11-08 15:53:56,2020-08-06 20:23:44,0
437,Strangeway,Alaster,astrangewayc4@51.la,4461041925,2010-06-10 22:48:18,2021-01-25 13:44:47,0
438,Plews,Isacco,iplewsc5@mac.com,4438033778,2018-04-19 19:04:15,2013-04-07 06:42:02,0
439,Culmer,Ida,iculmerc6@mit.edu,8747181740,2012-05-28 13:58:18,2020-02-15 13:40:18,0
440,Goodie,Shamus,sgoodiec7@1688.com,9118286331,2019-10-02 03:39:53,2014-06-22 02:09:04,0
441,Delagua,Suzi,sdelaguac8@eventbrite.com,1246045252,2013-12-21 17:33:14,2014-01-03 23:25:25,0
442,Roscoe,Maritsa,mroscoec9@wikipedia.org,4001237206,2016-11-19 14:44:45,2019-12-31 19:03:46,0
443,Trusse,Gretta,gtrusseca@washingtonpost.com,2039061185,2018-12-16 19:09:45,2017-02-15 15:55:36,0
444,Britner,Cazzie,cbritnercb@pbs.org,1748649274,2013-07-07 14:06:55,2017-04-04 14:58:56,0
445,Patrono,Shina,spatronocc@desdev.cn,5399992681,2011-05-17 04:05:44,2019-06-21 12:16:13,0
446,Kobelt,Mylo,mkobeltcd@mlb.com,3731782108,2011-03-26 10:30:44,2013-02-14 16:45:13,0
447,Bracchi,Benoit,bbracchice@storify.com,8837483804,2017-09-28 19:48:49,2014-09-28 22:43:02,0
448,Simmank,Linnie,lsimmankcf@seesaa.net,3566614931,2016-05-20 02:57:24,2016-05-14 21:51:44,0
449,Sighard,Karel,ksighardcg@google.pl,2725684518,2017-03-04 18:16:22,2016-02-28 13:18:49,0
450,Rockwell,Eadie,erockwellch@smh.com.au,7167360165,2021-02-20 22:40:46,2013-02-16 20:23:12,0
451,Thorlby,Tulley,tthorlbyci@webs.com,7337577167,2018-09-22 20:06:57,2018-09-01 18:24:00,0
452,Raiston,Natasha,nraistoncj@census.gov,5999675386,2021-02-27 06:48:12,2019-01-21 07:19:25,0
453,Ezzle,Nap,nezzleck@census.gov,5847601315,2011-03-09 18:55:55,2017-08-25 07:11:36,0
454,Uzelli,Johnnie,juzellicl@telegraph.co.uk,5977206104,2020-10-25 13:59:20,2011-07-18 22:08:03,0
455,Pawsey,Sidnee,spawseycm@flickr.com,8813573119,2019-04-18 18:51:04,2017-10-19 21:44:10,0
456,Peres,Laurette,lperescn@weebly.com,3556204450,2016-07-29 23:31:13,2019-11-15 01:00:47,0
457,Petric,Billi,bpetricco@photobucket.com,7357674346,2016-03-28 03:26:10,2015-09-05 09:03:56,0
458,Stygall,Cecilla,cstygallcp@theguardian.com,3253519067,2014-02-11 18:37:08,2011-01-29 15:43:35,0
459,Knapton,Tabbie,tknaptoncq@yellowbook.com,9723808768,2016-04-24 06:55:57,2013-06-24 19:38:56,0
460,Millam,Wilmar,wmillamcr@economist.com,2776987948,2016-03-20 05:23:07,2020-05-06 11:00:00,0
461,Casotti,Kev,kcasottics@unesco.org,4624312740,2016-02-20 02:58:01,2011-11-14 11:16:53,0
462,Houlson,Harrietta,hhoulsonct@salon.com,7544847694,2015-11-30 19:36:04,2013-05-07 10:43:41,0
463,Mounter,Joyous,jmountercu@github.com,7702275834,2015-11-19 18:54:54,2018-02-12 04:21:50,0
464,Yeoman,Gibb,gyeomancv@europa.eu,1348217615,2011-05-20 13:47:19,2012-06-06 17:48:38,0
465,Hannaway,Bambie,bhannawaycw@mapquest.com,9149335048,2020-12-09 20:20:39,2013-08-11 02:52:50,0
466,Riseam,Livia,lriseamcx@tinyurl.com,7837976209,2017-12-05 03:31:58,2016-10-22 16:49:21,0
467,Stancer,Aguste,astancercy@wisc.edu,6411429295,2014-02-20 08:48:29,2019-04-19 05:13:59,0
468,Grishaev,Natale,ngrishaevcz@techcrunch.com,9551860492,2017-11-27 11:47:07,2020-11-08 04:39:35,0
469,Whitworth,Halsy,hwhitworthd0@ameblo.jp,2716558902,2020-02-19 16:48:20,2014-12-08 02:20:50,0
470,Champley,Carlye,cchampleyd1@fda.gov,5944792185,2012-07-03 19:11:25,2015-02-24 18:24:37,0
471,Fitch,Ursola,ufitchd2@house.gov,5302526646,2012-12-20 07:28:30,2014-01-30 06:15:19,0
472,O'Skehan,Boot,boskehand3@usnews.com,8101246509,2020-10-28 06:02:40,2021-01-25 11:44:26,0
473,Jannasch,Dee,djannaschd4@cbslocal.com,2864715753,2019-07-06 09:47:49,2018-06-20 10:06:04,0
474,Geratasch,Elsinore,egerataschd5@creativecommons.org,5556624942,2019-11-10 13:39:28,2012-07-07 02:52:18,0
475,Fucher,Anson,afucherd6@hao123.com,2487458981,2017-06-26 01:13:30,2011-08-20 16:59:37,0
476,Murie,Floyd,fmuried7@deliciousdays.com,6511880363,2019-05-04 10:31:33,2019-10-15 02:10:39,0
477,Caunce,Dacie,dcaunced8@mail.ru,5722923194,2014-11-18 15:57:53,2021-02-23 22:50:13,0
478,Ewert,Missie,mewertd9@cbc.ca,4417432399,2017-10-05 04:08:46,2012-08-01 09:48:51,0
479,Eyckelberg,Nanette,neyckelbergda@va.gov,9539681284,2012-04-26 16:08:59,2014-02-24 07:36:08,0
480,Bavidge,Candy,cbavidgedb@auda.org.au,6956831543,2010-11-13 09:32:19,2019-03-12 00:56:37,0
481,Cammock,Sharona,scammockdc@squidoo.com,3474010578,2019-06-04 16:28:37,2020-03-16 11:19:20,0
482,Donisi,Lanie,ldonisidd@cafepress.com,1601173853,2016-03-02 01:22:50,2020-11-18 14:51:51,0
483,Hanscome,Reuven,rhanscomede@squarespace.com,3345354027,2013-03-26 16:11:22,2016-05-02 16:28:38,0
484,Windridge,Ira,iwindridgedf@blinklist.com,6277593995,2015-10-12 09:56:15,2016-06-04 05:14:16,0
485,Muscott,Quinn,qmuscottdg@storify.com,4483139766,2017-02-05 07:00:44,2013-07-17 01:45:42,0
486,Tweedlie,Marlow,mtweedliedh@yahoo.com,3107610711,2018-07-28 08:08:06,2010-12-31 01:39:20,0
487,Coutthart,Wat,wcoutthartdi@disqus.com,4536249026,2010-09-02 13:55:13,2019-08-04 04:53:12,0
488,Jandak,Corrinne,cjandakdj@t-online.de,7431387906,2014-08-17 16:30:27,2014-03-18 22:55:59,0
489,Shrimpton,Christoph,cshrimptondk@pagesperso-orange.fr,6021829653,2019-01-13 02:03:35,2019-02-23 00:03:52,0
490,Blainey,Gabbie,gblaineydl@narod.ru,7279344589,2018-12-01 23:47:54,2015-07-26 08:19:40,0
491,Scoullar,Hendrika,hscoullardm@technorati.com,2468357321,2015-09-05 07:32:29,2015-10-19 09:26:59,0
492,McLese,Sibby,smclesedn@com.com,5719476857,2013-06-24 06:59:31,2010-09-04 01:43:03,0
493,Tixall,Karil,ktixalldo@xinhuanet.com,5046413970,2012-08-06 18:31:33,2011-08-14 21:52:02,0
494,Merredy,Bobinette,bmerredydp@google.cn,5315192003,2012-12-28 00:22:44,2017-01-26 19:08:50,0
495,Truwert,Ranice,rtruwertdq@auda.org.au,7516694628,2011-09-05 08:30:17,2016-04-10 17:32:46,0
496,Wyles,Krissie,kwylesdr@360.cn,8425228279,2020-06-06 06:21:26,2015-07-26 16:15:12,0
497,Dinneen,Camala,cdinneends@woothemes.com,3151101415,2011-03-04 22:38:33,2012-09-12 08:46:15,0
498,Feldmann,Carrol,cfeldmanndt@boston.com,1403344640,2017-03-05 20:36:21,2019-05-05 03:39:40,0
499,Mosedale,Thaine,tmosedaledu@quantcast.com,4712454768,2010-12-01 16:12:37,2019-09-18 17:24:39,0
500,Turfes,Kimmi,kturfesdv@upenn.edu,5817919914,2014-10-13 00:43:18,2014-08-11 01:20:13,0
501,Sands-Allan,Liana,lsandsallandw@nbcnews.com,9553825158,2013-06-04 21:49:52,2010-06-27 18:46:29,0
502,Scotti,Conrado,cscottidx@ow.ly,8038387770,2011-12-20 23:09:41,2014-03-07 17:20:47,0
503,Berzin,Elvira,eberzindy@nbcnews.com,9198148258,2015-11-17 16:30:04,2014-12-03 11:48:21,0
504,Weetch,Dacey,dweetchdz@fastcompany.com,6222876565,2020-06-15 20:28:57,2015-09-27 07:46:21,0
505,Piaggia,Grier,gpiaggiae0@istockphoto.com,9112207440,2015-03-26 12:16:54,2015-08-30 06:02:39,0
506,Dombrell,Antoine,adombrelle1@umn.edu,1028948358,2018-08-04 13:30:11,2010-09-20 23:55:32,0
507,McSaul,Carin,cmcsaule2@chronoengine.com,1477703111,2020-03-05 17:28:12,2017-06-25 10:02:52,0
508,Ingyon,Cinderella,cingyone3@biglobe.ne.jp,6632148635,2015-01-26 01:12:17,2020-01-21 17:56:39,0
509,Rubinsztein,Meryl,mrubinszteine4@yellowpages.com,7731146913,2013-10-21 23:38:51,2013-04-14 08:23:40,0
510,Moss,Gav,gmosse5@unc.edu,2764669092,2012-01-27 01:27:01,2018-08-25 20:23:00,0
511,Sant,Willyt,wsante6@businesswire.com,4996134819,2013-11-27 01:39:30,2013-10-13 13:30:52,0
512,Gipps,Kippy,kgippse7@umn.edu,4408876531,2020-08-13 19:07:50,2017-08-18 02:43:39,0
513,Monnery,Meade,mmonnerye8@princeton.edu,5403986276,2020-08-14 01:20:56,2015-06-10 18:29:56,0
514,Erington,Iorgo,ieringtone9@dot.gov,4887238881,2015-10-24 17:01:53,2017-04-05 20:47:58,0
515,Bellis,Aretha,abellisea@independent.co.uk,4208412270,2011-07-05 06:05:35,2015-06-02 22:13:59,0
516,Danbi,Davis,ddanbieb@webnode.com,1564710857,2010-04-10 04:47:34,2018-09-02 06:39:25,0
517,Trimby,Zonnya,ztrimbyec@pbs.org,1663979652,2011-04-06 10:12:54,2014-02-22 01:53:24,0
518,Laugier,Bobbee,blaugiered@istockphoto.com,2225586370,2011-12-18 03:25:32,2016-05-10 17:36:26,0
519,Arnet,Rolfe,rarnetee@mit.edu,8903366261,2020-12-05 20:45:30,2016-05-21 01:59:49,0
520,Lloyd-Williams,Isidoro,illoydwilliamsef@geocities.com,6591265784,2013-06-21 07:40:04,2016-11-27 01:56:21,0
521,O'Kinneally,Dav,dokinneallyeg@macromedia.com,5374916567,2016-07-29 18:06:39,2018-07-16 11:47:52,0
522,Edgeson,Thorvald,tedgesoneh@theatlantic.com,4341380262,2020-02-10 05:08:34,2020-03-23 12:27:30,0
523,Marple,Lorrin,lmarpleei@purevolume.com,5179013823,2020-12-26 19:28:38,2013-03-28 22:09:35,0
524,Jursch,Hazel,hjurschej@sciencedaily.com,7799431004,2011-09-18 03:16:04,2020-11-23 08:31:48,0
525,Mulvany,Delcine,dmulvanyek@edublogs.org,5624329963,2017-11-20 13:03:32,2013-06-07 23:19:39,0
526,Championnet,Hoyt,hchampionnetel@chronoengine.com,9172884415,2011-01-25 07:30:09,2018-11-18 04:52:18,0
527,Codron,Bennie,bcodronem@discovery.com,4376412174,2010-05-11 18:24:56,2019-04-09 16:32:13,0
528,Lendon,Anatola,alendonen@youtube.com,2719123065,2019-12-22 23:01:07,2018-04-21 02:40:53,0
529,Wratten,Connie,cwratteneo@nyu.edu,2739531152,2020-09-22 06:23:56,2017-11-07 19:49:06,0
530,Pheazey,Walther,wpheazeyep@ask.com,2305474872,2011-02-26 01:17:23,2020-08-30 17:00:38,0
531,Casaroli,Nappy,ncasarolieq@java.com,2707071511,2015-06-07 05:03:10,2010-05-19 15:54:49,0
532,Node,Ward,wnodeer@tiny.cc,7053795075,2012-03-18 01:23:30,2016-10-10 14:28:16,0
533,Tuffell,Gusty,gtuffelles@liveinternet.ru,7618801710,2013-03-23 15:16:43,2016-08-24 10:40:01,0
534,MattiCCI,Murvyn,mmatticciet@exblog.jp,1455784147,2018-11-06 14:32:25,2012-09-07 13:34:45,0
535,Wilkinson,Panchito,pwilkinsoneu@github.io,1663555077,2015-10-30 21:59:04,2018-10-11 04:25:52,0
536,Tuft,Annadiana,atuftev@blogspot.com,9734103168,2017-11-09 04:11:36,2010-05-16 18:34:45,0
537,Couch,Anitra,acouchew@php.net,5931061033,2013-09-27 09:44:08,2019-07-25 23:07:36,0
538,Siveyer,Laurie,lsiveyerex@europa.eu,2273706336,2015-12-11 16:10:54,2014-11-12 08:45:39,0
539,Chritchlow,Sanders,schritchlowey@phoca.cz,7793607644,2017-02-21 18:46:04,2011-08-04 15:55:48,0
540,Seares,Cari,csearesez@topsy.com,7112440480,2013-08-27 08:21:36,2020-01-14 01:06:10,0
541,Colbridge,Charis,ccolbridgef0@globo.com,4491852743,2011-07-16 20:03:45,2018-11-11 21:09:41,0
542,Moakes,Gherardo,gmoakesf1@merriam-webster.com,7986749814,2015-10-30 02:07:51,2016-08-07 08:33:17,0
543,Niesing,Janeta,jniesingf2@theglobeandmail.com,9668205843,2011-05-25 01:11:05,2015-01-27 16:24:23,0
544,Ferrier,Reider,rferrierf3@deliciousdays.com,6339961367,2017-10-03 02:14:00,2011-02-19 00:37:04,0
545,Melsom,Monte,mmelsomf4@icq.com,9728730002,2014-08-26 07:29:06,2020-02-04 15:01:07,0
546,Menis,Farlie,fmenisf5@google.de,2623084620,2018-09-12 21:09:42,2019-05-19 18:52:37,0
547,Heild,Jyoti,jheildf6@qq.com,3237782692,2017-10-22 07:33:40,2014-10-21 17:44:24,0
548,Sleeman,Roseanna,rsleemanf7@miibeian.gov.cn,3334136031,2010-09-12 00:47:59,2016-06-05 07:51:44,0
549,Rembrandt,Garrot,grembrandtf8@imageshack.us,8066166355,2019-08-08 05:23:02,2017-04-20 13:21:12,0
550,Grabban,Kippie,kgrabbanf9@census.gov,5636826079,2019-07-05 12:13:22,2017-11-21 05:22:23,0
551,O'Scannill,Harriot,hoscannillfa@wordpress.com,1255662048,2010-07-17 05:20:22,2020-06-28 15:49:19,0
552,Pyne,Elbert,epynefb@diigo.com,6764092212,2014-05-07 19:08:36,2019-08-11 15:28:22,0
553,Gallier,Ainslie,agallierfc@google.com.hk,6815697805,2017-03-31 12:57:49,2015-08-02 13:31:46,0
554,Thow,Ilyssa,ithowfd@sfgate.com,3871278091,2010-03-16 04:27:30,2018-08-04 23:15:05,0
555,Alekhov,Edgardo,ealekhovfe@addtoany.com,1258457062,2019-01-20 08:17:50,2016-12-12 01:57:47,0
556,Blinman,Laraine,lblinmanff@surveymonkey.com,2282373785,2018-12-10 13:09:48,2010-04-28 22:09:42,0
557,Ohm,Dirk,dohmfg@aol.com,9215565339,2018-05-17 20:27:37,2013-02-15 16:51:32,0
558,Leighton,Stewart,sleightonfh@webeden.co.uk,2769131411,2019-06-25 12:01:14,2016-10-26 18:37:43,0
559,Lansly,Melessa,mlanslyfi@sohu.com,8124990314,2020-08-01 11:03:58,2011-10-11 22:53:14,0
560,Shobrook,Carrissa,cshobrookfj@ovh.net,2309193125,2016-01-08 04:40:22,2013-02-21 13:00:18,0
561,Cafferky,Ximenez,xcafferkyfk@hostgator.com,7058825728,2011-02-17 20:10:16,2019-07-11 21:47:33,0
562,Blaszczynski,Karie,kblaszczynskifl@t-online.de,6411143000,2017-08-11 12:47:31,2016-02-12 08:59:14,0
563,Giraudel,Harper,hgiraudelfm@github.com,9068027716,2019-02-02 10:02:31,2015-10-22 09:27:23,0
564,Ambroix,Hope,hambroixfn@yahoo.com,9178500151,2011-10-25 13:12:20,2020-10-17 16:02:09,0
565,Gardener,Junia,jgardenerfo@dmoz.org,1729688499,2020-03-13 04:43:13,2012-12-21 04:23:04,0
566,Munro,Dionne,dmunrofp@t-online.de,7056448318,2018-10-10 16:34:34,2010-10-13 16:06:16,0
567,Slader,Libbey,lsladerfq@vimeo.com,8453763747,2010-11-25 13:10:14,2013-04-12 03:47:07,0
568,Varlow,Ashely,avarlowfr@webmd.com,9329035082,2012-03-19 12:46:24,2017-01-22 02:30:04,0
569,Noke,Inna,inokefs@tinyurl.com,8337311933,2012-09-19 16:48:45,2013-03-05 00:03:16,0
570,Gettins,Shana,sgettinsft@dailymotion.com,9467047656,2021-02-10 21:21:01,2013-09-07 21:13:54,0
571,Bourcq,Orsa,obourcqfu@examiner.com,6852882280,2020-06-03 11:14:25,2015-08-19 23:13:38,0
572,Ewert,Zebulen,zewertfv@dell.com,7463760569,2018-12-21 12:59:16,2014-11-29 19:55:20,0
573,Ewbanks,Tracey,tewbanksfw@joomla.org,4909605022,2013-11-04 10:30:28,2015-01-25 06:18:23,0
574,Lownes,Cherye,clownesfx@blogspot.com,5477376626,2021-02-27 17:20:36,2015-06-10 11:42:32,0
575,Rosnau,Katrine,krosnaufy@hhs.gov,6738280986,2013-03-14 19:24:27,2020-01-15 00:56:46,0
576,Gilbard,Frederica,fgilbardfz@blogtalkradio.com,6252343196,2019-02-09 02:40:02,2016-08-07 05:46:58,0
577,Roll,Whit,wrollg0@reference.com,1669381328,2016-05-16 08:18:06,2017-04-25 09:19:32,0
578,Lowden,Jackie,jlowdeng1@issuu.com,1779892032,2017-01-20 16:32:12,2011-11-26 19:08:52,0
579,Shawel,Kathrine,kshawelg2@buzzfeed.com,8112574701,2020-11-22 06:46:43,2017-11-14 20:52:25,0
580,Dearl,Randene,rdearlg3@delicious.com,1441976512,2015-03-16 11:57:50,2015-01-04 01:14:59,0
581,Bickerstaffe,Vivia,vbickerstaffeg4@unicef.org,4911344081,2020-11-27 19:43:52,2015-12-10 03:57:38,0
582,Grahlman,Billy,bgrahlmang5@phpbb.com,7142745718,2011-12-07 15:18:55,2011-04-25 20:36:06,0
583,Lutzmann,Alie,alutzmanng6@usnews.com,7672835691,2015-05-05 10:37:43,2020-03-07 21:00:16,0
584,Hamlett,Barnebas,bhamlettg7@vistaprint.com,2279354598,2014-08-18 02:17:09,2016-04-30 23:09:46,0
585,Noorwood,Rowe,rnoorwoodg8@mozilla.org,3446039956,2017-10-29 14:18:27,2020-10-16 14:25:16,0
586,Broomhall,Blancha,bbroomhallg9@aol.com,7905523502,2018-05-05 23:05:11,2013-08-11 03:05:55,0
587,Kaines,Derron,dkainesga@sina.com.cn,2844403200,2010-12-19 00:08:35,2016-02-07 16:14:25,0
588,Blythe,Mordy,mblythegb@i2i.jp,7128365398,2011-05-27 05:12:21,2017-11-27 22:07:34,0
589,MacGilfoyle,Dorice,dmacgilfoylegc@techcrunch.com,3599411554,2012-03-09 19:20:29,2017-04-04 00:54:32,0
590,Barthel,Wilone,wbarthelgd@dailymotion.com,1506135847,2018-05-30 12:42:06,2017-06-03 07:48:31,0
591,Hartless,Kalinda,khartlessge@deliciousdays.com,4228668776,2014-07-01 01:09:48,2012-11-23 10:23:24,0
592,Wolstencroft,Artemis,awolstencroftgf@arstechnica.com,1064461568,2018-03-11 06:50:34,2020-06-18 17:37:44,0
593,Carradice,Fred,fcarradicegg@squarespace.com,7166885139,2018-06-23 22:43:01,2019-03-16 02:14:49,0
594,Yakobovicz,Charmine,cyakoboviczgh@de.vu,9387183938,2016-12-10 01:09:34,2012-04-26 06:31:19,0
595,Swin,Jordain,jswingi@woothemes.com,8169231955,2014-09-11 13:28:44,2010-10-03 19:43:05,0
596,Willingam,Ashton,awillingamgj@feedburner.com,7643054580,2011-07-31 14:25:23,2018-09-21 07:41:22,0
597,Hovel,Cchaddie,chovelgk@washingtonpost.com,5854851867,2020-03-11 01:00:09,2013-05-03 03:19:23,0
598,Luno,Virgie,vlunogl@cam.ac.uk,2967558495,2016-02-09 20:59:23,2010-08-04 00:50:37,0
599,Bartunek,Alexa,abartunekgm@europa.eu,3364560298,2015-09-19 11:52:10,2011-08-22 09:20:13,0
600,Bickerstasse,Mona,mbickerstassegn@barnesandnoble.com,8988001857,2013-08-23 15:58:33,2011-11-03 08:01:28,0
601,Lewsley,Ardra,alewsleygo@webmd.com,9027382766,2020-01-28 02:09:15,2020-11-24 19:27:58,0
602,Deackes,Farra,fdeackesgp@unblog.fr,7912532393,2016-01-15 12:19:53,2017-12-08 21:41:34,0
603,Vale,Laird,lvalegq@goo.ne.jp,8764467016,2012-06-30 06:16:44,2019-04-01 17:51:37,0
604,Tattershaw,Emlyn,etattershawgr@answers.com,2486797603,2015-08-01 00:03:10,2018-07-31 18:42:17,0
605,Eddolls,Clive,ceddollsgs@youtu.be,2061587176,2021-02-19 03:30:55,2017-07-27 01:25:40,0
606,Boother,Karola,kboothergt@privacy.gov.au,7354559906,2015-02-13 08:04:35,2019-05-08 11:14:45,0
607,Mussalli,Arlen,amussalligu@surveymonkey.com,2815778543,2019-07-11 12:13:11,2014-10-08 23:08:10,0
608,Harland,Loise,lharlandgv@wikipedia.org,2801296086,2018-12-09 18:01:49,2012-07-20 06:36:48,0
609,Gooms,Ruddie,rgoomsgw@ifeng.com,6548915011,2014-02-27 22:58:30,2019-05-16 02:27:19,0
610,Witherdon,Renaldo,rwitherdongx@pinterest.com,6344397241,2021-01-12 05:47:56,2013-10-23 14:23:10,0
611,Fayer,Katuscha,kfayergy@cdbaby.com,1466505103,2010-07-10 03:16:23,2014-12-01 17:25:55,0
612,Torrance,Craggy,ctorrancegz@state.tx.us,4882388879,2016-11-17 07:23:37,2012-11-08 22:31:20,0
613,Pebworth,Parnell,ppebworthh0@mtv.com,1236882691,2014-10-27 23:33:45,2010-10-06 19:50:26,0
614,Johannes,Jared,jjohannesh1@theglobeandmail.com,5859031464,2011-07-23 00:30:32,2015-06-09 19:07:39,0
615,O'Shiel,Bernadette,boshielh2@java.com,1984793635,2011-07-18 11:47:27,2018-03-03 21:50:46,0
616,Breckell,Fabian,fbreckellh3@discovery.com,9838696407,2011-01-11 07:07:35,2014-09-04 21:34:56,0
617,Byrkmyr,Hazlett,hbyrkmyrh4@wiley.com,6829055435,2018-12-29 20:19:35,2012-05-12 11:20:55,0
618,O'Regan,Caspar,coreganh5@cocolog-nifty.com,7891879573,2021-01-27 21:13:36,2017-11-11 00:31:12,0
619,McCard,Lory,lmccardh6@amazonaws.com,5199190673,2020-03-03 05:15:18,2012-04-24 15:23:14,0
620,Rhymes,Gayel,grhymesh7@uol.com.br,3845751798,2014-11-19 17:09:39,2018-09-29 19:55:43,0
621,Kehri,Barnard,bkehrih8@merriam-webster.com,3603630138,2010-08-05 01:06:43,2018-05-29 21:08:26,0
622,Filyaev,Glynis,gfilyaevh9@businessinsider.com,7598752984,2020-08-14 09:03:42,2014-07-30 04:30:17,0
623,Brounsell,Costanza,cbrounsellha@dell.com,8443753827,2012-03-02 18:16:47,2020-10-28 23:48:52,0
624,Cranstone,Evin,ecranstonehb@amazon.de,1772529432,2019-01-08 09:30:13,2020-08-26 15:23:03,0
625,Iiannoni,Tore,tiiannonihc@twitpic.com,2237897499,2019-11-15 07:44:49,2019-07-16 22:35:45,0
626,Dixsee,Spencer,sdixseehd@deliciousdays.com,7261475514,2011-07-12 17:58:00,2012-12-07 14:53:38,0
627,Newart,Ahmad,anewarthe@abc.net.au,9279184124,2018-05-26 15:49:04,2014-09-08 11:55:00,0
628,Rylatt,Beth,brylatthf@blog.com,4787212854,2011-01-22 03:41:53,2019-12-09 14:54:23,0
629,Brombell,Atlante,abrombellhg@admin.ch,6941866386,2012-01-18 06:37:18,2015-06-23 00:29:05,0
630,Stennings,Duff,dstenningshh@pinterest.com,7443081852,2019-11-09 16:15:46,2020-06-25 23:39:02,0
631,Osbidston,Doretta,dosbidstonhi@state.gov,9757052897,2011-02-12 06:34:04,2021-01-29 13:10:22,0
632,Westhofer,Spike,swesthoferhj@stumbleupon.com,3097369700,2019-09-12 06:00:03,2019-09-10 20:52:04,0
633,Beechcraft,Darsey,dbeechcrafthk@homestead.com,4096218673,2020-09-26 15:18:28,2014-06-08 16:53:06,0
634,Tomkins,Leonerd,ltomkinshl@geocities.com,2054067096,2014-10-28 14:53:02,2017-04-13 22:41:24,0
635,Fisbburne,Emmy,efisbburnehm@home.pl,7219325439,2010-08-02 18:30:29,2017-08-13 11:50:43,0
636,Cordeiro,Ezequiel,ecordeirohn@dion.ne.jp,4816519807,2016-07-23 01:28:46,2013-07-02 04:50:18,0
637,Allright,Webster,wallrightho@imgur.com,5662238013,2018-05-07 17:11:19,2017-10-12 23:33:32,0
638,Mallard,Antoinette,amallardhp@cocolog-nifty.com,7477173719,2021-02-19 16:30:45,2016-12-10 00:33:44,0
639,Marco,Luca,lmarcohq@reference.com,9702740345,2011-09-21 11:50:23,2011-10-13 06:51:24,0
640,Noads,Monroe,mnoadshr@msn.com,1853248743,2019-03-19 21:58:07,2014-04-04 20:00:50,0
641,Adlam,Modestia,madlamhs@economist.com,7733511579,2011-07-24 23:16:04,2019-04-02 22:02:11,0
642,Betun,Janith,jbetunht@springer.com,6997739422,2011-06-20 07:20:59,2017-05-20 22:48:53,0
643,Hutchison,Hughie,hhutchisonhu@discovery.com,5829677300,2014-10-17 07:01:57,2013-06-14 18:11:54,0
644,Messenger,Bobinette,bmessengerhv@miitbeian.gov.cn,1525831190,2016-02-28 11:15:11,2013-12-24 13:35:01,0
645,Carlin,Valene,vcarlinhw@4shared.com,3172603344,2012-04-12 20:03:16,2019-03-27 21:31:06,0
646,Worwood,Gene,gworwoodhx@mac.com,6818590307,2010-09-12 14:01:17,2020-03-31 09:14:40,0
647,Gostick,Phoebe,pgostickhy@360.cn,9509150696,2016-10-28 17:44:16,2020-08-01 18:33:22,0
648,Raft,Filide,frafthz@blogtalkradio.com,5458763478,2013-02-18 04:32:55,2012-05-26 19:06:04,0
649,Eefting,Nananne,neeftingi0@java.com,6917018855,2012-04-25 20:11:23,2010-07-28 13:40:03,0
650,Pharrow,Sybille,spharrowi1@t.co,9517813085,2019-02-27 12:56:35,2017-07-21 16:24:56,0
651,Malloy,Berkly,bmalloyi2@canalblog.com,2283338499,2011-02-08 05:15:58,2018-06-22 23:56:35,0
652,Scobbie,Shaw,sscobbiei3@jigsy.com,7208600448,2013-09-17 22:09:45,2013-09-05 16:33:58,0
653,Vannah,Harcourt,hvannahi4@rambler.ru,1467370361,2018-12-11 19:13:04,2017-01-18 14:42:40,0
654,Tapner,Fowler,ftapneri5@linkedin.com,3573695921,2015-06-16 12:47:47,2018-06-04 04:44:50,0
655,Andriveau,Charley,candriveaui6@huffingtonpost.com,2231010118,2011-10-01 20:30:36,2018-08-30 18:45:52,0
656,Muldoon,Leilah,lmuldooni7@symantec.com,6464377730,2019-03-03 02:43:42,2018-06-14 18:57:04,0
657,Golsworthy,Johnny,jgolsworthyi8@netscape.com,6641330889,2012-06-01 03:49:01,2010-08-07 23:40:28,0
658,Bernasek,Norrie,nbernaseki9@webmd.com,1493536701,2014-03-09 05:05:24,2020-01-18 13:10:05,0
659,Waby,Wittie,wwabyia@drupal.org,8357412555,2016-06-02 04:56:29,2015-05-03 04:45:48,0
660,Dmtrovic,Sheena,sdmtrovicib@marriott.com,4252220320,2015-10-06 03:07:43,2017-02-11 10:55:17,0
661,Huonic,Phaedra,phuonicic@gmpg.org,5426060299,2013-08-09 13:56:25,2017-11-01 13:51:57,0
662,Scoterbosh,Bekki,bscoterboshid@ycombinator.com,5451376515,2017-02-20 21:55:28,2020-12-13 11:28:54,0
663,Wymer,Kamillah,kwymerie@alibaba.com,9503396912,2018-02-21 15:24:06,2013-06-20 04:48:19,0
664,Trott,Nonnah,ntrottif@usgs.gov,8064223527,2018-11-20 12:20:47,2020-01-23 23:29:35,0
665,Strange,Janene,jstrangeig@behance.net,7305124342,2015-10-27 18:08:05,2017-09-16 07:50:08,0
666,Bengal,Lavinia,lbengalih@msu.edu,3371124642,2011-01-27 05:00:41,2017-03-12 03:22:53,0
667,Tremain,Zacharie,ztremainii@slideshare.net,9965814853,2011-09-12 19:27:54,2018-09-29 08:55:20,0
668,Long,Lilli,llongij@prnewswire.com,5039405611,2020-09-06 20:05:48,2014-09-16 18:00:07,0
669,Pierrepoint,Horatius,hpierrepointik@google.it,3024651068,2011-05-20 21:29:29,2017-06-21 06:41:36,0
670,Darrow,Hoebart,hdarrowil@histats.com,6878725452,2010-04-19 17:57:42,2017-08-08 10:47:41,0
671,Huntress,Madelina,mhuntressim@canalblog.com,4645432412,2017-06-06 01:36:03,2013-05-28 14:10:39,0
672,Le Marquand,Starlin,slemarquandin@myspace.com,3789848812,2010-08-01 06:58:54,2013-10-08 11:57:03,0
673,Lippingwell,Nick,nlippingwellio@nyu.edu,9834705650,2016-03-05 06:43:36,2013-04-25 07:09:36,0
674,Deelay,Julie,jdeelayip@columbia.edu,7258378481,2015-10-13 04:10:41,2011-08-26 23:51:14,0
675,Franciotti,Laurella,lfranciottiiq@cmu.edu,9224955760,2017-09-18 20:04:13,2013-03-03 01:40:05,0
676,MacArd,Karena,kmacardir@merriam-webster.com,5568825433,2018-05-26 00:16:25,2018-10-13 00:15:36,0
677,Dike,Lilllie,ldikeis@prlog.org,4567391092,2010-04-04 14:33:37,2012-01-20 03:21:30,0
678,Duckfield,Elyn,educkfieldit@princeton.edu,2172389486,2011-05-20 19:20:10,2018-04-03 00:13:38,0
679,Tute,Noel,ntuteiu@wikia.com,7067029713,2010-04-17 16:39:50,2012-06-29 04:46:56,0
680,Auden,Austina,aaudeniv@trellian.com,4744575378,2013-12-30 05:28:08,2015-08-08 08:24:16,0
681,Tuddall,Shawna,studdalliw@cbslocal.com,3843687365,2014-11-21 08:08:35,2012-02-24 22:25:27,0
682,Teml,Ringo,rtemlix@netscape.com,1534250303,2021-02-27 10:57:40,2020-12-17 20:01:49,0
683,Skarman,Nahum,nskarmaniy@java.com,9413197739,2012-05-21 17:05:49,2011-01-18 20:51:50,0
684,Kynnd,Kym,kkynndiz@creativecommons.org,9751900557,2011-11-03 12:33:49,2012-03-07 01:28:00,0
685,Coggell,Katee,kcoggellj0@photobucket.com,7167598155,2019-10-14 14:22:23,2017-10-21 08:13:23,0
686,Snepp,Isa,isneppj1@wix.com,2589129350,2018-08-27 08:17:22,2018-04-08 05:21:57,0
687,Verriour,Randie,rverriourj2@1688.com,7177076518,2010-11-14 18:39:20,2017-11-04 05:40:54,0
688,Garci,Dominik,dgarcij3@msn.com,3078477229,2015-11-28 08:45:15,2013-07-20 04:36:38,0
689,Belhomme,Osbert,obelhommej4@prweb.com,4353012860,2020-10-29 05:19:41,2020-11-23 05:15:33,0
690,Cahani,Bellanca,bcahanij5@w3.org,7643206148,2021-02-02 19:48:02,2011-09-29 14:28:45,0
691,Markey,Zsa zsa,zmarkeyj6@discovery.com,6037965049,2011-05-14 09:40:18,2015-04-16 03:16:43,0
692,Peachey,Elsie,epeacheyj7@list-manage.com,3246657128,2021-01-07 02:38:25,2020-11-25 14:27:13,0
693,Castellone,Marlo,mcastellonej8@mayoclinic.com,7575061657,2011-05-25 22:34:06,2015-07-13 00:21:09,0
694,Kauscher,Cornell,ckauscherj9@1und1.de,1759348920,2014-01-28 15:06:42,2010-07-17 23:50:20,0
695,McGairl,Marcie,mmcgairlja@wordpress.org,8804190008,2020-12-29 02:11:59,2013-11-06 21:01:05,0
696,Perren,Stepha,sperrenjb@weebly.com,4785810024,2012-12-15 20:49:07,2010-09-25 11:50:57,0
697,Arsmith,Fredericka,farsmithjc@newyorker.com,6248703028,2010-04-24 10:56:02,2016-06-23 07:11:42,0
698,Besse,Rafaelia,rbessejd@gravatar.com,5817505689,2013-04-16 21:44:09,2020-09-16 12:08:46,0
699,Schirach,Vale,vschirachje@sakura.ne.jp,3408035933,2011-10-26 15:21:43,2018-04-14 11:55:15,0
700,Makin,Pyotr,pmakinjf@google.com.br,5714481023,2010-11-28 19:44:31,2012-03-12 13:52:41,0
701,Northway,Gunner,gnorthwayjg@yale.edu,3307012865,2015-03-04 22:28:39,2015-03-03 21:52:18,0
702,Kaygill,Marian,mkaygilljh@google.com.au,8248896164,2015-08-18 08:36:03,2013-07-30 05:32:05,0
703,Arnout,Corella,carnoutji@homestead.com,5357668272,2014-03-15 04:07:01,2013-10-25 17:02:42,0
704,Foucher,Malchy,mfoucherjj@nba.com,2852052959,2012-01-02 05:19:35,2016-09-09 05:12:34,0
705,Degue,Norean,ndeguejk@dailymotion.com,7687602342,2011-04-01 15:35:24,2012-04-21 06:12:08,0
706,MacGebenay,Selma,smacgebenayjl@hubpages.com,9887473330,2017-04-08 04:59:48,2017-02-05 02:35:40,0
707,Bransden,Cristal,cbransdenjm@moonfruit.com,2201492706,2011-01-22 07:46:50,2013-05-31 14:15:00,0
708,Prevett,Aldridge,aprevettjn@china.com.cn,2153437988,2017-04-01 00:22:59,2011-09-05 04:55:18,0
709,Luxen,Arlinda,aluxenjo@a8.net,5458006053,2018-07-05 15:52:19,2020-02-15 00:30:32,0
710,Spoerl,Carlita,cspoerljp@blog.com,3436896856,2015-05-29 20:20:07,2013-03-06 20:10:48,0
711,Taleworth,Auberta,ataleworthjq@bbc.co.uk,4573642637,2016-02-04 05:59:11,2011-09-05 18:57:45,0
712,Sculpher,Trixie,tsculpherjr@ucoz.ru,6483491800,2013-03-05 08:12:18,2019-04-30 02:35:23,0
713,Gilli,Babbette,bgillijs@theglobeandmail.com,9579949908,2020-10-15 18:08:19,2016-10-31 07:45:06,0
714,Wiseman,Meggy,mwisemanjt@indiatimes.com,7958688851,2020-08-20 06:11:14,2017-09-30 18:16:24,0
715,Muglestone,Hilde,hmuglestoneju@aboutads.info,6555412364,2016-08-21 06:31:22,2019-06-03 12:18:42,0
716,Plank,Eirena,eplankjv@twitter.com,6744123369,2017-09-03 23:26:47,2010-05-23 01:43:48,0
717,Cottee,Anselm,acotteejw@mail.ru,2956014310,2013-05-09 21:09:07,2015-03-16 16:51:33,0
718,Duckhouse,Devland,dduckhousejx@un.org,9995383718,2018-04-21 00:42:52,2010-09-15 08:16:07,0
719,Critoph,Heath,hcritophjy@homestead.com,9777496941,2010-07-18 02:24:44,2011-03-19 16:00:08,0
720,Scoble,Trudie,tscoblejz@marketwatch.com,4664039394,2015-12-03 04:13:25,2014-12-18 04:30:57,0
721,Celiz,Oralia,ocelizk0@google.nl,5901118561,2018-02-18 09:26:05,2016-07-09 20:13:57,0
722,Korn,Ara,akornk1@comsenz.com,3889681412,2012-02-06 12:13:49,2018-06-10 08:29:31,0
723,Gye,Hashim,hgyek2@ucoz.ru,9276847207,2016-10-25 00:03:48,2012-01-25 17:18:36,0
724,Shynn,Leann,lshynnk3@homestead.com,5834943091,2013-02-08 18:17:11,2015-12-05 07:11:29,0
725,Hallgath,Esmeralda,ehallgathk4@chicagotribune.com,7098982706,2014-10-13 07:17:09,2013-12-31 20:39:22,0
726,Goscomb,Crawford,cgoscombk5@yellowpages.com,6025916416,2011-11-12 02:16:50,2019-04-26 13:33:43,0
727,Stopp,Eddi,estoppk6@yahoo.com,8682436835,2015-01-21 02:54:05,2012-06-14 14:20:13,0
728,Macci,Keefer,kmaccik7@va.gov,2135628213,2016-10-16 20:23:32,2011-01-10 13:48:54,0
729,Dicken,Corrie,cdickenk8@weather.com,5318899224,2011-05-31 15:01:57,2010-10-17 08:54:22,0
730,Headford,Philippe,pheadfordk9@ox.ac.uk,2889266851,2011-06-03 01:41:13,2011-04-20 15:38:08,0
731,Vanyarkin,Cariotta,cvanyarkinka@indiegogo.com,7739815234,2014-09-27 21:42:41,2013-07-26 15:10:19,0
732,Clara,Gallagher,gclarakb@acquirethisname.com,7828322805,2012-06-07 21:47:19,2016-11-29 04:50:38,0
733,Etches,Bruno,betcheskc@scribd.com,5406059101,2013-11-17 14:18:21,2020-06-08 13:47:03,0
734,Royson,Pavla,proysonkd@newyorker.com,1881301074,2012-09-29 06:16:25,2013-02-14 10:30:27,0
735,Hymor,Alair,ahymorke@4shared.com,8034339286,2019-01-25 12:39:16,2018-09-20 02:29:50,0
736,Clitherow,Carrol,cclitherowkf@domainmarket.com,6665296964,2017-06-18 06:10:10,2014-06-04 20:53:26,0
737,Scollan,Ervin,escollankg@sitemeter.com,2554340199,2013-09-20 14:57:53,2014-08-21 08:13:31,0
738,Muckeen,Had,hmuckeenkh@reddit.com,7724153954,2016-05-25 09:45:42,2012-12-06 23:08:42,0
739,Cearley,Townie,tcearleyki@imgur.com,4929712397,2019-04-02 17:00:33,2012-03-17 09:18:00,0
740,Dowsing,Meir,mdowsingkj@google.com,2956178638,2011-04-16 08:56:04,2012-02-20 13:52:55,0
741,Abbett,Bentlee,babbettkk@apple.com,4449633455,2020-05-22 23:42:57,2014-04-03 22:31:47,0
742,Edgerley,Germaine,gedgerleykl@disqus.com,2452486089,2018-02-02 10:44:57,2010-07-14 15:25:18,0
743,Arnall,Marina,marnallkm@blinklist.com,6135806738,2016-12-05 10:44:39,2010-03-11 19:37:27,0
744,Hulance,Rianon,rhulancekn@illinois.edu,7845037245,2014-12-30 17:10:14,2013-09-23 21:48:44,0
745,Ericsson,Beth,bericssonko@ifeng.com,1287148225,2014-02-21 22:06:55,2014-01-23 13:53:46,0
746,Brookbank,Mattie,mbrookbankkp@163.com,7016344491,2015-09-21 09:52:07,2016-10-26 14:07:25,0
747,Braunlein,Idelle,ibraunleinkq@theguardian.com,3094013558,2011-01-05 04:59:06,2012-03-09 12:41:02,0
748,Tilte,Brandais,btiltekr@ask.com,8999341296,2021-01-13 06:50:16,2017-01-28 17:05:07,0
749,Saunderson,Andromache,asaundersonks@oracle.com,7517575760,2013-12-01 21:29:36,2014-12-30 01:51:26,0
750,Luxon,Luci,lluxonkt@i2i.jp,6314388811,2012-05-30 15:02:43,2019-01-20 01:41:46,0
751,Miskin,Laurel,lmiskinku@sourceforge.net,3196567972,2016-04-16 09:45:12,2015-11-11 17:44:34,0
752,Cummungs,Penelope,pcummungskv@mozilla.com,4421992026,2011-10-19 09:44:30,2019-10-16 07:55:38,0
753,Bennitt,Hartley,hbennittkw@shareasale.com,6315537529,2017-09-29 03:20:28,2010-09-19 10:30:07,0
754,Tomaini,Kassie,ktomainikx@vk.com,5213124857,2013-06-02 21:48:44,2019-09-20 19:53:23,0
755,Lehrian,Geoff,glehrianky@1und1.de,2269933323,2012-05-17 06:39:07,2014-07-16 20:32:31,0
756,Bugdell,Gerrilee,gbugdellkz@bizjournals.com,6872278588,2011-02-20 07:44:26,2014-12-27 16:44:11,0
757,Hane,Maryanne,mhanel0@homestead.com,7318422304,2014-02-09 18:46:28,2014-06-06 16:11:50,0
758,Najera,Arel,anajeral1@icio.us,5092683508,2012-02-05 05:41:17,2019-11-03 21:03:27,0
759,Runacres,Tucky,trunacresl2@china.com.cn,5576758364,2018-12-17 16:27:46,2019-10-30 10:25:04,0
760,Philips,Kelli,kphilipsl3@pinterest.com,1343210588,2017-02-26 05:20:40,2013-09-17 18:02:17,0
761,Salan,Leanna,lsalanl4@youku.com,6354685345,2013-09-19 17:47:16,2013-06-02 22:18:17,0
762,Josef,Padriac,pjosefl5@purevolume.com,1492533146,2018-06-06 05:42:20,2017-05-14 09:01:11,0
763,Howells,Towny,thowellsl6@yolasite.com,4483047851,2011-02-15 15:07:30,2013-09-15 10:58:50,0
764,Warters,Keenan,kwartersl7@live.com,5862855470,2019-05-16 22:39:09,2016-04-18 19:08:39,0
765,Guyonneau,Clio,cguyonneaul8@oakley.com,1827854400,2013-11-12 12:31:07,2013-05-01 11:13:16,0
766,Archell,Michelle,marchelll9@i2i.jp,1415347697,2011-11-24 12:22:43,2019-02-28 14:15:57,0
767,Huikerby,Tallou,thuikerbyla@google.com.au,9799091859,2013-11-18 04:38:26,2016-05-12 03:19:09,0
768,Biggar,Rey,rbiggarlb@usatoday.com,2004883391,2013-12-02 12:38:36,2012-10-06 18:50:55,0
769,Junkinson,Berri,bjunkinsonlc@paginegialle.it,3727882890,2013-10-17 15:03:45,2020-11-10 13:24:26,0
770,Arnoll,Dan,darnollld@blogspot.com,2849979281,2013-07-09 11:24:27,2010-07-25 02:30:13,0
771,Hedingham,Neda,nhedinghamle@rakuten.co.jp,7271244995,2013-07-06 13:55:22,2015-11-26 20:31:55,0
772,Paulino,Bunni,bpaulinolf@nifty.com,7506053159,2020-12-25 09:52:55,2017-09-07 07:56:12,0
773,Kuhnhardt,Gabriel,gkuhnhardtlg@samsung.com,7538606757,2017-01-15 01:22:49,2011-01-18 03:43:50,0
774,Ely,Zacharie,zelylh@deliciousdays.com,3418493421,2013-11-28 14:14:16,2010-09-11 04:30:02,0
775,Martynov,Lay,lmartynovli@google.cn,2036843473,2014-10-27 00:27:46,2020-01-31 22:55:16,0
776,Kinner,Carly,ckinnerlj@ox.ac.uk,3554442885,2011-01-04 00:59:44,2010-05-31 02:12:38,0
777,Castellani,Zilvia,zcastellanilk@archive.org,8959676581,2014-09-27 00:22:39,2017-12-27 21:19:38,0
778,Swatridge,Bianca,bswatridgell@hp.com,2409981591,2014-01-17 00:01:07,2015-07-26 17:32:34,0
779,Billin,Archy,abillinlm@weebly.com,4902981581,2016-06-01 21:10:55,2013-06-16 06:00:45,0
780,Lotte,Roy,rlotteln@youtube.com,7135468000,2016-02-27 22:40:04,2018-02-12 06:29:22,0
781,Chaney,Alejoa,achaneylo@bandcamp.com,7169475351,2012-06-22 02:08:41,2015-03-18 01:18:49,0
782,Elkington,Nanny,nelkingtonlp@macromedia.com,8504037651,2014-05-05 13:59:58,2012-05-02 22:40:07,0
783,Yashin,Jamill,jyashinlq@twitpic.com,6579136221,2013-01-03 11:49:04,2015-11-10 18:27:20,0
784,MacIntyre,Gris,gmacintyrelr@acquirethisname.com,8057691477,2018-01-26 04:00:20,2020-08-05 20:47:22,0
785,Hagstone,Cyrillus,chagstonels@samsung.com,9793333691,2014-12-15 13:52:25,2012-02-24 04:34:58,0
786,Swadling,Vasili,vswadlinglt@google.co.uk,9663604288,2013-06-11 18:58:42,2020-03-05 20:56:04,0
787,Hubbart,Darleen,dhubbartlu@dmoz.org,1875053861,2011-10-19 20:04:08,2017-02-27 02:06:14,0
788,Wynrehame,Stesha,swynrehamelv@usda.gov,3094573728,2016-01-05 10:24:00,2018-12-29 02:15:48,0
789,Kaplan,Britteny,bkaplanlw@nyu.edu,5953646058,2019-05-09 10:56:57,2016-06-16 00:03:41,0
790,Cantillon,Emery,ecantillonlx@imgur.com,3807419491,2016-11-19 10:22:28,2011-07-28 01:38:25,0
791,Bourtoumieux,Stillman,sbourtoumieuxly@miitbeian.gov.cn,6567636641,2015-01-22 17:30:21,2019-06-29 14:21:08,0
792,Rubinowicz,Cos,crubinowiczlz@cbc.ca,2059690280,2012-10-20 00:36:43,2010-12-18 21:46:53,0
793,Clemmens,Juditha,jclemmensm0@shareasale.com,3271167322,2018-02-05 20:36:41,2012-08-07 17:51:49,0
794,Castelin,Floria,fcastelinm1@dailymail.co.uk,2337659835,2011-01-17 07:18:52,2010-08-20 02:29:17,0
795,Eckhard,Opalina,oeckhardm2@merriam-webster.com,3352086964,2019-12-07 16:08:08,2020-06-14 22:51:12,0
796,Cornish,Lonnard,lcornishm3@slideshare.net,3721434427,2011-06-03 22:47:25,2015-09-20 00:59:05,0
797,Parbrook,Garnette,gparbrookm4@loc.gov,8802373116,2014-09-23 14:08:52,2013-07-06 19:56:10,0
798,Weber,Laureen,lweberm5@umn.edu,1168505688,2014-08-21 18:42:31,2014-09-06 00:18:11,0
799,Lesper,Phylys,plesperm6@google.de,2058943276,2018-02-22 06:26:46,2017-11-20 06:14:24,0
800,Fallanche,Millard,mfallanchem7@google.de,8556255996,2017-09-19 17:58:52,2012-10-18 02:03:12,0
801,Kissack,Angus,akissackm8@behance.net,5248315867,2014-03-06 17:01:35,2013-01-14 10:39:04,0
802,Sigart,Aliza,asigartm9@icq.com,3317504819,2019-08-21 21:39:38,2018-09-04 11:07:46,0
803,Wagon,Tera,twagonma@si.edu,4436900669,2020-10-16 18:52:03,2011-05-18 10:46:40,0
804,Summerlie,Morris,msummerliemb@technorati.com,4462960789,2015-03-01 02:54:16,2012-09-30 13:14:05,0
805,Harradence,Donetta,dharradencemc@xinhuanet.com,7593965276,2014-12-28 21:49:44,2012-08-25 10:39:19,0
806,Crosio,Padgett,pcrosiomd@wufoo.com,4894178854,2021-01-23 15:56:46,2018-12-18 09:08:21,0
807,Bilbie,Amberly,abilbieme@comcast.net,6165157150,2015-01-12 10:10:10,2011-04-17 20:21:38,0
808,Antonowicz,Standford,santonowiczmf@weather.com,2911362033,2010-09-04 20:42:45,2011-03-15 13:36:28,0
809,Swindley,Ruy,rswindleymg@zdnet.com,6218230507,2013-05-24 15:27:01,2019-01-07 11:02:35,0
810,Coleson,Barron,bcolesonmh@aboutads.info,7574961229,2020-11-01 18:10:33,2014-04-11 15:30:05,0
811,Clixby,Blythe,bclixbymi@bandcamp.com,6403918343,2019-01-21 06:11:53,2020-02-13 11:21:33,0
812,Janowicz,Leisha,ljanowiczmj@who.int,4563964601,2014-02-19 22:38:21,2020-03-05 04:37:01,0
813,Tinman,Egor,etinmanmk@wired.com,2489964578,2010-04-16 03:28:27,2012-02-19 01:10:26,0
814,Parmby,Tyrone,tparmbyml@loc.gov,3926396205,2016-04-07 23:41:30,2011-01-26 04:32:34,0
815,Safe,Way,wsafemm@adobe.com,8832939711,2020-03-08 14:28:41,2019-10-16 11:26:11,0
816,Baudy,Chrisy,cbaudymn@ocn.ne.jp,6493046781,2018-12-29 15:00:42,2017-03-17 23:27:51,0
817,Bulloch,Thaddus,tbullochmo@homestead.com,5073934490,2014-07-09 01:05:26,2020-02-24 17:21:26,0
818,Jacobsz,Vincenty,vjacobszmp@buzzfeed.com,7203854102,2017-04-04 20:29:36,2011-09-18 09:30:18,0
819,Lenden,Agneta,alendenmq@cpanel.net,8038192291,2014-02-17 15:12:55,2018-09-09 14:51:01,0
820,Plampeyn,Edan,eplampeynmr@flavors.me,3094267170,2019-10-08 16:40:35,2010-03-25 15:18:16,0
821,Husk,Sharlene,shuskms@google.it,3184265924,2016-11-07 21:35:15,2016-06-14 09:58:24,0
822,Halsworth,Durward,dhalsworthmt@ucoz.com,3439845888,2017-10-28 21:36:10,2019-05-20 00:28:24,0
823,Shapira,Katlin,kshapiramu@cisco.com,7368306144,2016-03-27 06:58:05,2010-10-08 23:08:43,0
824,Aidler,Dosi,daidlermv@state.gov,8798213513,2016-03-05 01:06:25,2020-04-08 21:16:48,0
825,de Chastelain,Evanne,edechastelainmw@wp.com,1928014557,2012-09-06 09:47:20,2018-10-06 19:01:11,0
826,Coudray,Moina,mcoudraymx@123-reg.co.uk,4665125301,2013-06-25 17:30:50,2012-07-30 08:04:09,0
827,Gregore,Lorrayne,lgregoremy@tuttocitta.it,3827405945,2016-11-17 11:52:36,2014-09-04 17:36:21,0
828,Steet,Bird,bsteetmz@tuttocitta.it,7506984765,2015-01-15 11:21:06,2013-12-27 20:00:48,0
829,Hallwood,Susy,shallwoodn0@apple.com,3686475385,2013-12-18 21:30:44,2013-09-27 16:12:32,0
830,Bowater,Yolande,ybowatern1@simplemachines.org,9156828858,2010-05-05 05:38:36,2014-08-17 23:57:58,0
831,Elby,Pancho,pelbyn2@homestead.com,3595002444,2010-03-12 21:48:40,2020-12-09 23:55:17,0
832,McComish,Serene,smccomishn3@google.nl,9577947121,2015-08-20 12:28:21,2016-06-19 04:51:48,0
833,Huxham,Gratiana,ghuxhamn4@about.com,7342619732,2020-05-25 22:53:37,2013-09-28 08:51:48,0
834,Bacchus,Rhianon,rbacchusn5@illinois.edu,2005808185,2012-01-14 10:25:54,2011-03-11 05:26:28,0
835,Marusik,Atlante,amarusikn6@netvibes.com,2647326689,2011-09-22 05:10:22,2016-11-03 02:26:32,0
836,Carrier,Elsinore,ecarriern7@xing.com,5255661151,2017-10-24 06:23:22,2015-12-27 08:05:01,0
837,Franzke,Lesley,lfranzken8@ebay.com,3688374807,2013-11-21 18:15:29,2013-02-04 02:38:20,0
838,Hedden,Jamaal,jheddenn9@samsung.com,7292556288,2016-09-07 09:47:56,2016-08-10 07:48:21,0
839,Ounsworth,Shell,sounsworthna@desdev.cn,8329650037,2020-12-18 22:31:25,2012-11-18 13:47:11,0
840,Branchett,Perice,pbranchettnb@ow.ly,7107768384,2011-10-17 04:42:57,2020-11-16 17:16:30,0
841,Brodeur,Fonsie,fbrodeurnc@tuttocitta.it,3956548913,2017-06-07 17:38:47,2010-05-14 02:00:36,0
842,M'Quharg,Millisent,mmquhargnd@bloomberg.com,9772102805,2012-03-30 17:22:30,2013-04-15 10:02:09,0
843,Meacher,Boone,bmeacherne@odnoklassniki.ru,3676319212,2020-07-10 10:58:05,2013-09-03 10:58:45,0
844,Parkinson,Gabrila,gparkinsonnf@icio.us,7101393884,2015-12-09 18:17:34,2018-01-09 08:21:49,0
845,Gwyneth,Buffy,bgwynethng@oaic.gov.au,2505853264,2016-01-10 05:12:20,2018-02-25 23:28:56,0
846,Dana,Rodrick,rdananh@cargocollective.com,4264374781,2011-06-11 15:44:46,2017-02-04 05:33:04,0
847,Czajka,Eleanor,eczajkani@salon.com,4781127913,2014-01-16 13:42:12,2017-09-25 22:54:38,0
848,Midford,Oliver,omidfordnj@sbwire.com,3049004427,2019-12-28 06:57:39,2017-01-31 00:53:12,0
849,Armfield,Skippie,sarmfieldnk@wsj.com,9584769309,2014-06-25 16:19:27,2017-02-02 16:53:45,0
850,Kirkebye,Tallia,tkirkebyenl@wufoo.com,3201460778,2017-05-21 19:46:52,2011-08-25 18:07:57,0
851,Hendrick,Lydon,lhendricknm@t-online.de,3143930040,2014-01-26 13:24:39,2015-08-20 02:45:43,0
852,Ritzman,Arlene,aritzmannn@prnewswire.com,8503696053,2016-01-04 23:31:16,2014-07-06 01:10:35,0
853,Beckley,Gregoire,gbeckleyno@constantcontact.com,5379997679,2011-09-09 12:57:13,2018-01-06 23:56:13,0
854,Linggard,Cleveland,clinggardnp@homestead.com,8351654266,2017-01-21 21:48:06,2016-07-20 17:47:49,0
855,Essel,Tiffi,tesselnq@csmonitor.com,4334733042,2014-06-30 17:13:36,2016-06-10 16:19:39,0
856,Clixby,Nonnah,nclixbynr@soundcloud.com,7159477460,2013-02-07 16:51:03,2019-10-09 04:08:04,0
857,Crichmer,Frannie,fcrichmerns@booking.com,5266521265,2017-03-23 13:41:21,2020-09-21 21:32:59,0
858,Andreazzi,Willi,wandreazzint@ox.ac.uk,9557831104,2017-06-08 16:48:07,2011-03-24 14:33:29,0
859,Wyldbore,Trev,twyldborenu@etsy.com,7254238477,2020-03-18 19:50:49,2019-02-10 03:47:54,0
860,Davidovsky,Magdalen,mdavidovskynv@wired.com,8545414019,2012-11-17 21:31:02,2019-07-26 04:41:52,0
861,Scalia,Laryssa,lscalianw@yandex.ru,3745374668,2010-12-25 10:02:42,2012-09-06 19:31:46,0
862,Kunes,Eugenio,ekunesnx@techcrunch.com,5123234867,2013-07-04 15:25:53,2013-04-18 12:22:35,0
863,Gresswell,Henrik,hgresswellny@techcrunch.com,5445544664,2010-05-08 10:41:54,2012-05-03 13:51:02,0
864,Simkin,Pegeen,psimkinnz@whitehouse.gov,3755524332,2015-08-20 22:05:29,2012-04-18 14:26:42,0
865,Gresley,Eadith,egresleyo0@ox.ac.uk,6991247845,2010-10-23 20:20:47,2014-07-10 03:49:51,0
866,Radeliffe,Maure,mradeliffeo1@liveinternet.ru,9623148356,2018-02-22 18:42:00,2019-12-07 01:09:02,0
867,Dreng,Peterus,pdrengo2@gravatar.com,6935577921,2010-06-11 03:05:28,2015-05-30 16:34:39,0
868,Horbath,Jessika,jhorbatho3@ebay.com,9078774334,2017-03-12 18:39:14,2019-04-20 22:44:12,0
869,Odde,Damita,doddeo4@shareasale.com,9448339780,2019-05-22 02:46:12,2013-07-26 09:28:28,0
870,Rupke,Twyla,trupkeo5@istockphoto.com,1114774828,2020-03-27 02:50:02,2010-10-17 17:13:30,0
871,Kubat,Major,mkubato6@thetimes.co.uk,5918511942,2017-10-31 11:26:48,2010-03-14 00:16:34,0
872,Skentelbury,Zoe,zskentelburyo7@go.com,4563391166,2021-01-01 23:45:16,2013-06-16 11:48:50,0
873,Mancktelow,Chariot,cmancktelowo8@berkeley.edu,7145560600,2020-03-25 03:25:13,2012-10-07 17:30:29,0
874,Konmann,Desiree,dkonmanno9@foxnews.com,7782243705,2012-12-12 16:25:09,2016-12-24 17:35:47,0
875,Kensall,Michale,mkensalloa@independent.co.uk,8208279888,2013-08-25 23:06:24,2018-03-09 11:49:23,0
876,Christou,Andrey,achristouob@privacy.gov.au,1496977151,2013-09-03 04:54:36,2016-10-17 09:25:21,0
877,Brackpool,Riane,rbrackpooloc@intel.com,8027034380,2018-10-10 15:21:41,2017-11-25 05:16:23,0
878,Lydall,Venus,vlydallod@slate.com,2621251480,2019-06-12 20:29:06,2013-01-29 06:54:25,0
879,Resdale,Shena,sresdaleoe@biblegateway.com,6753226054,2014-09-13 13:13:53,2020-05-25 07:58:49,0
880,Hannam,Wynny,whannamof@wufoo.com,4949883853,2016-11-03 19:10:42,2021-01-13 04:38:59,0
881,Alesin,Karilynn,kalesinog@geocities.jp,8553781710,2017-02-21 11:16:29,2015-11-15 20:25:20,0
882,Reast,Robbin,rreastoh@ameblo.jp,3546821198,2012-06-24 14:39:34,2015-10-23 04:20:51,0
883,Marlin,Stanley,smarlinoi@360.cn,4781675963,2018-03-15 02:13:23,2014-09-30 12:01:00,0
884,Sporrij,Mendy,msporrijoj@taobao.com,4971981208,2018-09-15 09:42:54,2010-10-22 20:11:38,0
885,Stiebler,Rube,rstieblerok@mail.ru,4377384886,2018-12-07 16:26:21,2016-06-21 16:51:02,0
886,Lambkin,Vallie,vlambkinol@mapy.cz,9392325028,2012-10-27 21:55:13,2016-03-08 01:31:23,0
887,Vondruska,Alena,avondruskaom@twitter.com,8654951598,2020-06-07 17:53:01,2013-12-30 10:23:21,0
888,Shoosmith,Gawain,gshoosmithon@edublogs.org,6234020018,2014-11-28 13:59:37,2016-06-16 10:49:01,0
889,Rubenovic,Pandora,prubenovicoo@yahoo.com,7009341753,2012-10-17 03:40:43,2013-10-29 07:02:31,0
890,Tremoulet,Munroe,mtremouletop@adobe.com,8149116547,2019-10-09 23:02:11,2018-11-24 20:51:44,0
891,Sawforde,Petunia,psawfordeoq@aol.com,7826441766,2020-07-04 05:15:11,2019-08-08 20:40:52,0
892,Huett,Truda,thuettor@dagondesign.com,8922009913,2014-09-29 21:50:31,2012-03-29 04:24:43,0
893,Sherbrooke,Gilli,gsherbrookeos@youtu.be,8555537797,2017-11-17 09:00:43,2019-05-24 12:40:32,0
894,Kamiyama,Adelind,akamiyamaot@zimbio.com,4807351248,2012-01-14 07:06:30,2016-03-03 22:42:33,0
895,Hargreave,Eimile,ehargreaveou@mac.com,7764107407,2014-11-19 02:42:11,2016-12-20 11:51:08,0
896,Hirschmann,Gerek,ghirschmannov@ihg.com,4817602424,2020-11-28 14:04:26,2013-10-17 00:44:12,0
897,Huortic,Candie,chuorticow@etsy.com,3256450307,2020-02-15 17:55:29,2021-02-27 21:18:26,0
898,Kasting,Deck,dkastingox@constantcontact.com,1625629564,2012-09-10 07:46:29,2010-05-21 23:46:06,0
899,Carnelley,Martina,mcarnelleyoy@examiner.com,9768484927,2020-05-10 15:08:39,2021-02-11 02:16:07,0
900,Houlridge,Gae,ghoulridgeoz@wordpress.com,6412397143,2011-05-30 01:31:16,2011-04-23 17:20:52,0
901,Jenkerson,Maison,mjenkersonp0@zimbio.com,7319612078,2018-12-05 18:34:54,2020-03-07 02:07:11,0
902,Arend,Deanna,darendp1@so-net.ne.jp,1968512599,2016-06-27 10:15:20,2015-05-06 03:52:15,0
903,Bavister,Clint,cbavisterp2@gmpg.org,5163945017,2015-07-04 01:52:04,2015-07-15 20:42:41,0
904,Lille,Rodney,rlillep3@g.co,8469477063,2016-03-10 22:50:13,2017-05-08 17:06:42,0
905,O' Driscoll,Charmaine,codriscollp4@shop-pro.jp,2489293164,2015-06-04 11:02:57,2011-12-16 23:32:56,0
906,Peele,Helenka,hpeelep5@instagram.com,7962928937,2012-06-05 05:26:30,2018-07-14 02:01:42,0
907,Frushard,Rozanne,rfrushardp6@artisteer.com,7965617272,2010-06-24 22:21:25,2019-10-26 08:55:22,0
908,Burehill,Ashton,aburehillp7@jimdo.com,7279632894,2019-11-13 22:49:43,2020-10-19 13:19:07,0
909,Kerwood,Millicent,mkerwoodp8@fotki.com,9015536634,2012-07-25 21:48:40,2010-04-15 00:51:01,0
910,Whear,Vivian,vwhearp9@redcross.org,7139117678,2020-10-30 09:52:05,2018-09-28 09:30:42,0
911,Symondson,Etta,esymondsonpa@gmpg.org,6676159365,2010-07-25 10:20:31,2015-04-05 00:21:28,0
912,Grimsdale,Leonanie,lgrimsdalepb@istockphoto.com,3146246758,2015-07-16 03:38:51,2016-05-17 20:14:48,0
913,Ramstead,Maggy,mramsteadpc@etsy.com,4189779997,2011-09-15 15:43:00,2013-03-16 18:43:54,0
914,Warburton,Heinrik,hwarburtonpd@ftc.gov,6974646214,2019-12-31 05:22:18,2020-08-15 11:41:51,0
915,Benesevich,Haleigh,hbenesevichpe@mapquest.com,3071147792,2018-09-05 15:31:41,2011-02-19 01:00:29,0
916,Lyal,Nathanial,nlyalpf@twitpic.com,2491095195,2018-04-19 16:15:01,2010-07-27 09:28:26,0
917,Buscombe,Celestia,cbuscombepg@cbslocal.com,4023108020,2020-01-17 17:49:54,2012-11-25 22:21:30,0
918,Flawn,Merralee,mflawnph@angelfire.com,8206168526,2013-03-21 01:40:35,2010-07-20 08:00:14,0
919,Rosenzwig,Delphinia,drosenzwigpi@bravesites.com,2402292222,2012-06-17 03:14:24,2016-05-15 05:53:42,0
920,Thew,Chrissy,cthewpj@bigcartel.com,9523142188,2017-02-18 19:52:58,2013-01-08 06:06:39,0
921,Gillinghams,Janot,jgillinghamspk@histats.com,5588260550,2010-12-16 16:49:35,2017-10-21 10:55:04,0
922,Symondson,Wyn,wsymondsonpl@chronoengine.com,3965387191,2018-07-07 18:32:30,2017-02-16 21:03:04,0
923,Ayce,Deni,daycepm@rakuten.co.jp,2651389892,2015-12-14 04:13:35,2012-05-05 00:08:34,0
924,Doveston,Judon,jdovestonpn@w3.org,8059225462,2015-07-04 20:03:34,2015-01-21 03:20:44,0
925,Aaron,Marilyn,maaronpo@tripod.com,2873678952,2010-10-12 11:18:05,2013-10-01 23:10:38,0
926,Stowe,Eugen,estowepp@cbslocal.com,5244928274,2013-08-04 22:02:08,2013-01-08 21:56:11,0
927,Whitcombe,Debbi,dwhitcombepq@un.org,4017810918,2016-10-21 00:55:46,2016-03-08 04:05:34,0
928,McPhate,Jose,jmcphatepr@biblegateway.com,5947330514,2012-02-22 16:44:49,2019-07-20 22:29:17,0
929,Gossage,Leisha,lgossageps@yelp.com,3582532365,2020-04-09 20:38:50,2012-03-31 16:52:30,0
930,Henkmann,Regan,rhenkmannpt@prlog.org,2884216639,2020-01-04 19:53:29,2015-12-31 10:11:31,0
931,Rishbrook,Federico,frishbrookpu@scribd.com,5333185309,2020-01-30 00:55:11,2018-10-16 07:18:19,0
932,Smythin,Maximilien,msmythinpv@ed.gov,5256224254,2010-09-20 13:41:15,2016-12-11 03:06:03,0
933,Dart,Billie,bdartpw@icio.us,7247384863,2010-10-18 01:34:35,2010-04-04 01:03:39,0
934,Lawrenson,Fan,flawrensonpx@wordpress.org,5832086405,2014-05-09 06:38:13,2010-09-30 18:49:31,0
935,Wand,Aurelie,awandpy@paypal.com,2543031467,2015-07-04 08:13:43,2019-10-23 18:59:52,0
936,Plaice,Batsheva,bplaicepz@webmd.com,4748877691,2017-03-07 03:21:17,2020-05-29 19:56:01,0
937,Lowers,Tabbitha,tlowersq0@jigsy.com,9828689820,2015-06-10 17:08:51,2019-02-25 02:56:47,0
938,Tosney,Waylin,wtosneyq1@ft.com,4746392074,2016-03-06 17:41:38,2018-05-31 04:37:29,0
939,Jzhakov,Jacquette,jjzhakovq2@e-recht24.de,8991412539,2017-08-24 18:15:21,2011-04-13 05:06:57,0
940,Seckington,Sianna,sseckingtonq3@123-reg.co.uk,3906721784,2019-06-26 22:53:14,2020-05-05 18:04:46,0
941,Dutton,Cecily,cduttonq4@foxnews.com,6191029014,2015-04-22 13:51:56,2016-02-08 05:18:01,0
942,Enriques,Gail,genriquesq5@rakuten.co.jp,2676530650,2020-01-14 00:41:15,2017-08-09 16:35:42,0
943,Crassweller,Teodorico,tcrasswellerq6@chron.com,5781394586,2017-01-23 21:37:13,2012-07-16 16:04:44,0
944,Durtnal,Garth,gdurtnalq7@furl.net,5493571335,2010-11-10 14:24:31,2015-10-29 06:39:40,0
945,Malby,Tressa,tmalbyq8@java.com,9768996693,2015-03-07 21:17:22,2017-03-14 00:25:05,0
946,Shelborne,Jodi,jshelborneq9@springer.com,6862446333,2011-08-15 03:04:37,2010-12-24 01:42:39,0
947,Brumfitt,Annaliese,abrumfittqa@apache.org,6927290223,2020-01-05 09:04:49,2020-11-25 22:59:42,0
948,Conaghy,Sylvan,sconaghyqb@networkadvertising.org,9725345037,2018-01-09 11:14:12,2013-10-02 22:08:19,0
949,Stepto,Martyn,msteptoqc@flickr.com,2833382440,2010-06-18 07:19:37,2011-02-10 04:05:47,0
950,Falkingham,Bobine,bfalkinghamqd@mlb.com,1683627288,2012-04-08 15:42:54,2015-02-03 23:47:07,0
951,Culvey,Seana,sculveyqe@sfgate.com,6419691922,2012-05-15 18:20:31,2015-10-15 13:28:51,0
952,Tremmil,Lionello,ltremmilqf@harvard.edu,7513351583,2013-12-15 04:39:27,2018-02-22 01:46:23,0
953,Littley,Olenolin,olittleyqg@opera.com,3817522054,2018-05-06 06:54:28,2014-09-07 18:00:13,0
954,Biaggioli,Hanan,hbiaggioliqh@list-manage.com,5644216452,2012-06-28 21:07:17,2019-02-02 14:32:48,0
955,Hinsch,Robert,rhinschqi@google.fr,8412571504,2019-02-09 01:39:28,2015-03-09 15:54:25,0
956,Shyre,Nolly,nshyreqj@jiathis.com,9722329366,2019-03-31 19:00:01,2015-03-15 02:03:16,0
957,Yukhnev,Minne,myukhnevqk@nytimes.com,6092511712,2019-04-26 20:03:31,2012-04-16 18:43:02,0
958,Lilburn,Tymothy,tlilburnql@arstechnica.com,6461112173,2020-02-14 09:12:18,2012-04-30 13:46:52,0
959,Broxholme,Michel,mbroxholmeqm@ovh.net,4589122892,2010-08-24 09:40:22,2017-02-08 18:31:36,0
960,Smewin,Giacinta,gsmewinqn@nature.com,7018481692,2016-06-26 01:46:38,2020-02-29 01:49:13,0
961,Smeeth,Laurent,lsmeethqo@vistaprint.com,5304560559,2018-11-13 06:07:16,2020-12-14 06:04:48,0
962,Cowie,Ronny,rcowieqp@mtv.com,1395291738,2015-12-03 23:02:57,2019-01-07 04:52:17,0
963,Fewkes,Simona,sfewkesqq@toplist.cz,8802743914,2014-01-12 08:45:11,2013-08-28 08:38:45,0
964,Jeskin,Zorah,zjeskinqr@xing.com,8076628022,2018-07-29 12:47:22,2011-06-09 23:32:19,0
965,Masedon,Amber,amasedonqs@weather.com,1194231001,2020-01-20 23:49:03,2012-06-08 06:12:02,0
966,Rowles,Richart,rrowlesqt@ted.com,2057874720,2015-10-27 22:15:14,2018-09-26 11:19:05,0
967,Massimo,Fernandina,fmassimoqu@cbslocal.com,5785925944,2015-03-26 23:13:34,2018-09-17 02:57:05,0
968,Cordeiro,Waylin,wcordeiroqv@instagram.com,7777058304,2017-07-03 10:01:17,2013-05-20 04:53:34,0
969,Tolomei,Leigh,ltolomeiqw@opera.com,1245840215,2018-07-29 00:54:25,2016-10-17 04:12:21,0
970,McCoole,Jocelyn,jmccooleqx@sun.com,6885078105,2014-11-29 23:45:01,2016-04-13 16:43:48,0
971,Beck,Candice,cbeckqy@scientificamerican.com,7991410707,2014-11-29 13:22:34,2012-09-22 20:02:02,0
972,McGovern,Darda,dmcgovernqz@blog.com,5169200120,2014-06-13 16:52:54,2015-07-22 13:48:39,0
973,Aulsford,Jakob,jaulsfordr0@purevolume.com,7782276024,2016-01-09 11:51:56,2019-12-28 07:26:55,0
974,Thresher,Nickolai,nthresherr1@comcast.net,9503765827,2017-04-20 17:15:11,2014-06-30 08:05:32,0
975,Castagne,Berna,bcastagner2@ucsd.edu,7856497156,2011-07-19 10:58:49,2018-06-24 23:47:54,0
976,Havard,Lou,lhavardr3@about.com,3415604233,2018-03-15 05:37:09,2014-11-02 13:17:37,0
977,Caherny,Reena,rcahernyr4@columbia.edu,4125117201,2010-07-20 16:49:46,2012-06-06 11:50:24,0
978,Elvy,Pepillo,pelvyr5@netvibes.com,3913589438,2017-10-17 22:41:17,2017-07-12 04:09:24,0
979,Steiner,Marylin,msteinerr6@edublogs.org,6904283728,2013-09-13 18:11:06,2010-12-10 15:55:44,0
980,Brambill,Shaylyn,sbrambillr7@apple.com,4181061409,2016-05-18 21:57:21,2010-09-23 23:22:30,0
981,Donat,Truda,tdonatr8@reverbnation.com,7904547562,2016-08-27 16:59:10,2015-07-18 00:37:05,0
982,Szwarc,Allys,aszwarcr9@elpais.com,4744776193,2015-12-06 23:04:32,2013-11-29 15:42:44,0
983,Barney,Thibaud,tbarneyra@army.mil,1687834333,2017-04-16 16:00:16,2017-01-30 12:44:10,0
984,Petronis,Ivie,ipetronisrb@jimdo.com,7992582757,2014-03-02 10:44:05,2021-02-05 01:23:36,0
985,Wotherspoon,Nigel,nwotherspoonrc@globo.com,2393897513,2019-09-14 20:42:51,2020-08-17 18:49:44,0
986,Iacovone,Gerhardt,giacovonerd@nasa.gov,3641145623,2020-02-01 22:29:05,2010-04-17 21:06:47,0
987,Riddlesden,Lauraine,lriddlesdenre@bloomberg.com,3436090232,2016-06-13 22:15:56,2011-04-21 21:42:17,0
988,Lube,Diann,dluberf@aol.com,1981952318,2015-07-26 15:31:44,2013-05-26 03:58:47,0
989,Pretty,Vladamir,vprettyrg@livejournal.com,9621822483,2011-06-04 16:22:12,2020-01-18 03:18:33,0
990,Lauks,Alis,alauksrh@google.com,7433556811,2010-04-07 00:42:39,2011-12-18 15:47:02,0
991,Trengrouse,Alvis,atrengrouseri@google.co.jp,9276468179,2019-07-30 07:27:27,2012-09-28 17:37:35,0
992,Ramel,Rory,rramelrj@nytimes.com,2912832003,2019-05-16 03:15:42,2017-09-28 00:39:31,0
993,Pickering,Viole,vpickeringrk@miitbeian.gov.cn,7037964100,2015-07-19 15:22:59,2017-11-21 14:51:24,0
994,Jedrzejewsky,Patty,pjedrzejewskyrl@google.ca,5166394961,2013-05-19 09:18:04,2011-09-27 16:10:22,0
995,Megarrell,Waly,wmegarrellrm@plala.or.jp,4701002786,2014-12-21 08:52:35,2012-08-08 22:29:43,0
996,Craxford,Tabatha,tcraxfordrn@nydailynews.com,6718338328,2012-03-20 20:28:46,2017-01-27 19:56:21,0
997,Burmaster,Norton,nburmasterro@usda.gov,7884652612,2010-08-25 00:46:21,2019-05-24 01:22:07,0
998,Cornfoot,Georgeanna,gcornfootrp@spotify.com,2631344094,2013-03-03 06:18:00,2015-07-06 23:07:56,0
999,Jordison,Sven,sjordisonrq@bizjournals.com,2093814524,2015-08-10 21:24:37,2011-06-20 00:28:36,0
1000,Pharaoh,Britte,bpharaohrr@about.me,5414740862,2013-06-27 23:05:50,2012-05-01 03:34:09,0
